LOC;Oco
Universidade de o Minho;1132
Braga;553
Guimarães;374
em Portugal;339
Portugal;300
UMinho;299
Universidade;244
AAUMinho;184
Gualtar;163
Porto;129
Universidades;125
Lisboa;119
Azurém;118
Europa;108
Moçambique;108
universidade;99
FADU;94
SASUM;93
Minho;88
Bolonha;87
Governo;86
Coimbra;79
Escola;73
Ensino Superior;68
Desporto;67
RGA;64
Espanha;64
Valença;59
Largo de o Paço;54
Brasil;51
Inglaterra;51
Reitoria;49
Reitor;43
@UMdicas\;42
França;38
Gata;38
Taekwondo;36
Educação;33
Augustuna;31
E.R.;31
Centro de Informática;29
Universidade de o Porto;28
CAUM;28
EUA;28
Angola;28
China;27
RUM;26
Afonsina;25
campus de Gualtar;25
Reunião Geral de Alunos;25
Aveiro;24
Alemanha;24
<Miguel;24
Nampula;24
Tun’ao Minho;23
Reitor de o UMinho;23
Campus de Azurém;22
Eng;22
UMDicas;22
Covilhã;21
Lourenço Marques;21
Galiza;20
Londres;20
Instituto Confúcio;19
África;19
Praia;18
Bar;18
Gatuna;17
Câmara Municipal de Braga;17
Centro;17
Câmara Municipal;17
Bom Jesus;16
Theatro Circo;16
UPorto;16
PRR;16
Caracol;16
Humanidades;16
AvePark;16
Ecoticket;16
Viana de o Castelo;15
Paris;15
UTAD;15
Engenharia;15
UMdicas-;15
Reitor de o Universidade de o Minho;14
Instituto de Ciências Sociais;14
Polónia;14
Universidade de Coimbra;14
Cidade Europeia de o Desporto;14
Sector;14
VL;14
Algarve;13
Reino Unido;13
Academia Minhota;13
Itália;13
Açores;13
Ciências Sociais;13
Instituto de Educação;13
COVID-19;13
Estados Unidos;13
Bélgica;13
Matemática;13
Faculdade de Filosofia;13
FITU Bracara Avgvsta;13
de Braga;12
AAUM;12
Universidade de Aveiro;12
Teatro Jordão;12
Ministério de o Ciência;12
Esposende;12
Holanda;12
Cultura;12
Bruxelas;12
Federação;12
Administração Pública;12
Couros;11
ICVS;11
Mesa de o Reunião Geral de Alunos;11
aAUMinho;11
Universidade Nova de Lisboa;11
Austrália;11
Cidade Berço;11
Mundo;11
Residências Universitárias;11
INL;11
futsal;11
UMd;11
Velório de o Gata;11
DGES;10
Rússia;10
África de o Sul;10
Barcelona;10
Cabido de Cardeais;10
Arqueologia;10
Gulbenkian;10
Norte;10
Mocidade Portuguesa;10
Vila Cabral;10
Gabinete;10
Portimão;10
Campus de Gualtar;10
s.B.;10
Escolas;9
Saúde;9
CP2;9
Bar Académico;9
BA;9
Conselho Geral;9
Gestão;9
Évora;9
Filosofia;9
Manchester;9
Tortosendo;9
Engenharia Biológica;8
Serenatas Velhas;8
Ciências;8
Biblioteca Pública de Braga;8
Biblioteca Pública;8
Câmara;8
Arraial Azeiteiro;8
SC Braga;8
Amarante;8
Cuba;8
Uminho;8
Arquivo Distrital de Braga;8
U.M.;8
Japão;8
Cidade;8
Alto Douro;8
Informática;8
Santa Tecla;8
Maputo;8
Fundação;8
UOEI;8
Fundação Pública de Direito Privado;8
SIGAQ-UM;8
Irlanda;8
Unidades Culturais;8
Cantina;8
Jogralhos;7
Mestrado;7
Barcelos;7
Teatro;7
Ministério;7
Pavilhão Desportivo;7
Covid-19;7
Instituto Confúcio de o Universidade de o Minho;7
Nova Iorque;7
Suíça;7
Vigo;7
Arquivo_UMSombra;7
Gerês;7
Universitária;7
Ciências de o Educação;7
Economia;7
Cabo Verde;7
Instituto;7
Nairobi;7
Quintas;7
Leuven;7
Taipas;7
Câmara Municipal de Guimarães;7
administração Pública;7
Baixo Minho;7
Croácia;7
Centros de Investigação;7
eEG-UMinho;7
UBI;7
Portuguesa;7
Instituição;7
Récita;7
MCTES;7
Centro Médico;7
Chinês;7
Ponte de Lima;6
CG;6
CEMP;6
Palestina;6
Estados Unidos de o América;6
ministério;6
Rádio Universitária de o Minho;6
Restaurante Panorâmico;6
México;6
Ambiente;6
Ucrânia;6
Engenharia Eletrónica Industrial;6
Faro;6
Ourense;6
Universidade de Lisboa;6
Israel;6
Hospital de Braga;6
Singapura;6
Rio de Janeiro;6
Instituto de Letras e Ciências Humanas;6
Ciências  Sociais;6
Guiné;6
Rodrigues;6
Moreira;6
Avenida de o Liberdade;6
Sé;6
Ministério de o Educação;6
Amares;6
CPII;6
Canadá;6
América;6
Economia Industrial;6
Sta Tecla;6
País;6
Viena;6
PE;6
ABC de Braga;6
Doutoramento;6
Macau;6
Turquia;6
Moscovo;6
Portugueses;6
Região;6
Investigação;6
Manutenção;6
DU;6
Internacionalização;6
Ásia;6
Provedor Institucional;6
escola;6
Cabido;6
ELSA Portugal;6
aEESECG;6
AEESECG;6
Azeituna;5
Ciência Política;5
Instituições de Ensino Superior;5
Salão Medieval;5
Jurisdicional;5
Ministério de o Saúde;5
Garagem Avenida;5
Campus;5
Tunão;5
Lusófonos;5
Biblioteca Lúcio Craveiro de o Silva;5
Áustria;5
Madeira;5
Nova de Lisboa;5
Rio;5
Museu Nogueira de o Silva;5
Avenida Central;5
Caldas de o Rainha;5
Paço de o Duques de Bragança;5
Finlândia;5
Instituto de francês;5
Liceu;5
Universidade de Lourenço Marques;5
Murta;5
Bilbau;5
Peixoto;5
Koryo;5
Edifício de o Congregados;5
Dep;5
Complexo Desportivo de Gualtar;5
azurém;5
Alojamento;5
R.I;5
praia;5
Setor de Património;5
Higiene;5
Europeus;5
GEOJUSTIÇA;5
Póvoa de Lanhoso;5
América de o Sul;5
CMEMS;5
Vila Nova de Gaia;5
Tunas;5
Região de o Conhecimento;5
Passadiço;5
I.S-;5
San Sebastian;5
depar;5
Grill;5
Geologia;5
Estudos Portugueses;4
Estudos Culturais;4
ComUM;4
Vila Real;4
Universidade de Évora;4
Engenharia Aeroespacial;4
Território;4
Roménia;4
Engenharia Têxtil;4
Hannover;4
Feedzai;4
Hospital;4
Guarda;4
Vila Nova de Famalicão;4
Parque de Exposições de Braga;4
Santiago de Compostela;4
Bamboo;4
Madrid;4
Línguas Estrangeiras Aplicadas;4
Estudos Ingleses;4
Oeiras;4
Europa Central;4
Pinhal;4
Beira;4
Douro;4
Rua de o Castelo;4
Centro   de Informática;4
centro;4
Fafe;4
Rua Bernardo Sequeira;4
Timor;4
matemática;4
Pavilhões Verdes;4
ciência;4
Largo de o  Paço;4
Pavilhão;4
Usem;4
Setor de Apoio clínico;4
Setor de Bolsas;4
Utentes;4
gabinete;4
Dinamarca;4
Berlim;4
SRH;4
Excelente;4
TUTORUM;4
Vila Verde;4
Augusta;4
Geojustiça;4
Guimaraes;4
Ecofoot;4
Avepark;4
GA;4
Pólo Aquático;4
Universidades de o País;4
Rádio Universitária;4
Capital Verde Europeia;4
Índia;4
Eslováquia;4
Município;4
Universidade de o Beira Interior;4
Universidades Portuguesas;4
Centros;4
Eslovénia;4
Danças Africanas;4
J.F-;4
Sede;4
Instituto de Educação e Psicologia;4
Região Digital;4
Saídas profissional;4
Banguecoque;4
Pequim;4
Dubai;4
Bares;4
Bar de o Grill;4
Monte Branco;4
Chamonix;4
Famalicão;3
Póvoa de o Varzim;3
Instituto Português de o Desporto;3
Lucas Rodrigues;3
Lamego;3
Sameiro;3
Santa Luzia;3
Mesa de o RGA;3
Tânia;3
Medicina;3
PREVPAP;3
Paredes de Coura;3
Campus de Couros;3
Caloiro de Molho;3
Chile;3
Savana;3
Comercial;3
Arcos de Valdevez;3
Arqus;3
Química;3
Governo português;3
Centro de Computação Gráfica;3
Roboparty;3
Engenharia Civil;3
Instituto de Ciência e Inovação para o Bio-Sustentabilidade;3
câmara;3
Caldas de o Taipas;3
Oxford;3
| Maria Carvalho;3
Institutos;3
Pólo de Azurém;3
Bragança;3
Polícia Judiciária;3
Magna Augusta;3
ENDA;3
UM;3
Relações Públicas;3
Ciências de o Comunicação;3
Penafiel;3
República Checa;3
Peru;3
Salão Medieval de o Largo de o Paço;3
Complexos Desportivos de Gualtar;3
Terra;3
Loune;3
Suécia;3
Monção;3
Gerês Tónico;3
Universidade de o Algarve;3
Politécnico de o Porto;3
ACE;3
Universidade de Santiago de Compostela;3
<Miguel>;3
São Paulo;3
Ministro de o Educação;3
Faculdade de Letras de o Porto;3
Cidade de Braga;3
Essex;3
Portugal Continental;3
Universidade  de o Minho;3
Lamaçães;3
Carrazeda d'Ansiães;3
Centro Comercial de Santa Cruz;3
Hotel Turismo;3
Dra;3
Universidade de o  Minho;3
História;3
Abade de o Loureira;3
São Geraldo;3
Santa Cruz;3
Marado;3
Casas de o Povo;3
Serra de o Estrela;3
Cluster;3
S. Tomé;3
Rua de o Souto;3
Sete Fontes;3
Barcelinhos;3
Luanda;3
Obra de Maria;3
Viana;3
Lordelo;3
Figueira de o Foz;3
Peniche;3
Campurbis;3
Zona de Couros;3
Futsal;3
IPJ;3
Desporto em o Ensino Superior;3
Complexo de o Largo de o Paço;3
Complexo Desportivo de o UMinho;3
Parque de Exposições;3
CO;3
PIDDAC;3
St;3
Ministério de o Educação e ciência;3
Restelo;3
Vila Praia de Âncora;3
Enterro de o Gata;3
PIEP;3
Vice-Reitora;3
Departamento Administrativo;3
Nova Zelândia;3
Instituições;3
Maia;3
Ciências de o Saúde;3
Munique;3
Magna;3
Estádio Municipal de Braga;3
Sede de o Serviços de Acção Social;3
Universidade Portuguesa;3
Lda;3
SFM;3
Sede de o SASUM;3
Masculino;3
Ministério de o Educação e Ciência;3
MEC;3
Câmara de Guimarães;3
Pavilhão de o UMinho;3
Arquivo Distrital;3
estrangeiro;3
Ensino;3
SAUM;3
Tutorum;3
Concelho de Guimarães;3
Conselhos Gerais;3
serviço;3
Serviços Urbanos;3
Provedor;3
Salientaria;3
Hungria;3
Município de Braga;3
Pedro Dias;3
Mafamude;3
Gaia;3
Bulgária;3
CP3;3
SC de Braga;3
cultura;3
Faculdade de Engenharia de o Universidade de o Porto;3
Caldas de Vizela;3
Universidade de São Paulo;3
Laboratório de o Paisagem;3
Universidade de o Açores;3
Núcleo;3
Colégio Doutoral;3
CC;3
Casa de o Conhecimento;3
Museu Virtual de o Lusofonia;3
Letónia;3
Rua de o Forno;3
Serviços Sociais;3
DCF;3
Literatuna;3
Complexo Desportivo;3
Teatro Circo;3
Fundação Minhota;3
alcobaça;3
Izmir;3
Desporto Escolar;3
Liceu Sá de Miranda;3
Felgueiras;3
Teatro Universitário de o Minho;3
Tailândia;3
Instituto Superior de Ciências de Saúde;3
UAB;3
Universidade de Nankai;3
Rally de o Tascas;3
Bar de o CP3;3
Monte;3
Gabinete de o Administrador;3
Depar;3
RM;3
Departamento Pedagógico;3
Música;3
SIGAQ;3
Financeira;3
Bar de o Grill de Gualtar;3
FITU;2
Instituto de Investigação em Ciências de o Vida e Saúde;2
Viseu;2
Países Africanos;2
Residência Andy;2
Bairro de o Enguardas;2
Ministério Público;2
Maurício;2
Escola de Santa Luzia;2
Direção;2
Instituto Português de o Sangue;2
Ciências de Dados;2
Paulo Cruz;2
| Maria de Pinto Freitas;2
Pavilhão Multiusos de Guimarães;2
CP1;2
Porto Rico;2
FITU Bracara Augusta;2
Almada;2
instituto;2
Universidade de Bolonha;2
Universidade Minho;2
Encontro Nacional de Direções Associativas;2
Paço;2
Património;2
Trás-os-Montes e Alto Douro;2
Psicologia;2
Malta;2
Centro de Medicina Digital P5;2
Nata;2
Pavilhão José Natário;2
Educação Básica;2
Setúbal;2
Gaza;2
Liège;2
Catalunha;2
Vinho de o Porto;2
Arraial;2
Porto Canal;2
Conselho Geral de o UMinho;2
Multiuso de Guimarães;2
Resende;2
Penha;2
Igreja de Nossa Senhora de o Oliveira;2
Castelo de Guimarães;2
ESN Minho;2
Vieira de o Minho;2
São Petersburgo;2
Estudos Orientais;2
de o Sul;2
Paleografia;2
GabrielaMacieira;2
Varsóvia;2
<Miguel> eu;2
course><title;2
Florianópolis;2
Cabral;2
EmLourenço Marques;2
deLourenço Marques;2
Caldas;2
Secundário;2
Foz de o Minho;2
Caminha;2
Suiça;2
Vale;2
Parque de o Cidade;2
Hith Parque;2
Pinhal de o Norte;2
Santo Tirso;2
Louvain;2
Comunicação Social;2
ciência Sociais;2
Tombali;2
Biblioteca;2
Complexo I;2
Mecânica;2
Conceição;2
Beira Alta;2
medicina;2
Porto de Leixões;2
Necho;2
Kosovo;2
Instituto Nacional de o Trabalho;2
Rua de S. Victor;2
Avenida Marchal Gomes de o Costa;2
Avenida 31 de janeiro;2
S.Victor;2
Guadalope;2
Póvoa;2
Instituto Superior de Engenharia;2
Advocacia;2
Libreville;2
Gabão;2
Matosinhos;2
Centro de computação;2
Camarões;2
Argentina;2
Beira Interior;2
Linhais de o Serra;2
Universidade Nova;2
Pinto Machado;2
Ciências Sociais e Economia;2
Politécnico de Viana de o Castelo;2
educação;2
Bouro;2
Terras de o Bouro;2
Cerqueira;2
Nogueira;2
Pavilhão de Física;2
Antigamanete;2
Centro de  Informática;2
D.PedroV;2
Cristina;2
Ciências Naturais;2
Leixões;2
Cascais;2
Lagos;2
IB-S;2
Toural;2
Sevilha;2
Desportivo Francisco de Holanda;2
São Miguel;2
Ilha;2
Gatódromo;2
Florença;2
Stª. Tecla;2
Setor de Higiene;2
Rampa B;2
Fundação AAUM;2
tesouraria;2
Campi de o UMinho;2
Campo de Práticas de Golfe;2
Campus de Guimarães;2
Setor de Alojamento;2
Diminuir;2
Residência Universitária Sta;2
Relações Internacionais;2
IDN;2
Zurique;2
Genebra;2
CECRI;2
Liftoff;2
Arquivo;2
Paredes;2
Escola de Ciências de o Saúde;2
Abade de Priscos;2
Setor de Apoio;2
SERVPSI;2
Setor;2
Harvard;2
Boston;2
Faturação;2
ABC;2
Museu Alberto Sampaio;2
Museu de o Imagem;2
Tuna Mista de o Universidade de o Minho;2
Setor de Bolsas de Estudo de o SASUM;2
Geografia e Planeamento;2
Ciências de o Terra;2
Informática Industrial;2
DTSI;2
taekwondo;2
Derby;2
LIFTOFF;2
Leça de o Palmeira;2
Indiana;2
Lavradeiras;2
Direção Geral de o Ensino Superior;2
Coreia de o Sul;2
Mestrado Integrado;2
Escolas de o Universidade de o Minho;2
Atlântico;2
Minhoto;2
Instalações;2
Campo de Práticas de Golfe de Azurém;2
de o Norte;2
Castro;2
Residência;2
Miguel Alves;2
Timor-Leste;2
Vale de o Ave;2
Tribunal de contas;2
1ª Nacional;2
Montenegro;2
Mercado Municipal;2
Conselho Municipal de Educação;2
Freguesias;2
Autarquia;2
FAM;2
Barriga;2
Direção Geral de o Orçamento;2
Lídia Parente;2
Marketing;2
América Latina;2
Benfica;2
Amesterdão;2
Vénus;2
Canário;2
Departamentos;2
de o norte;2
Línguas;2
São Bernardo;2
Berço de o Nação;2
Capital Verde;2
Património Mundial;2
Estado Central;2
Câmaras;2
Parque de Ciência e Tecnologia;2
Grécia;2
Fundação Pública;2
Gabinete de Carreiras;2
Grandes Empresas de o Setor Público;2
Vice-presidente de o Município;2
Câmaras Municipais;2
Ecovia de Guimarães;2
Parque de o Juventude;2
USA;2
MIETI;2
Budapeste;2
Biblioteca de Azurém;2
Centro Multimédia;2
Centro de Medicina P5;2
Microssistemas Eletromecânicos;2
Centro de Investigação;2
democratização;2
Cidade de o Futebol;2
CAR;2
Tesouraria;2
ES;2
Ministro de o ciência;2
Rua D. Pedro V;2
Escola Doutoral;2
TERM;2
Centro de Valorização de Resíduos;2
Noruega;2
José Mendes;2
terra;2
Complexo Desportivo de Azurém;2
Próreitoria;2
Instituto de Ciências Sociais de o Universidade de o Minho;2
Unidades Culturais de o Universidade de o Minho;2
Câmaras Municipais de Braga;2
Lituânia;2
Luxemburgo;2
Benguela;2
CEUMinho;2
Leiria;2
UNorte;2
FCT;2
Fundação Bracara Augusta;2
Bar Académico de Braga;2
Faculdade de Ciências de o Desporto e Educação Física de o Universidade de o Porto;2
Trás-os-Montes;2
Pavilhões;2
Cantinas;2
Desporto para Todos;2
Presidente de o delegação de Braga de o Cruz Vermelha Portuguesa;2
Delegação de Braga de o Cruz Vermelha Portuguesa;2
São Vítor;2
Centro de Acolhimento de Emergência Social;2
Miranda de o Douro;2
Secções;2
Delegações;2
Grupos Culturais;2
SECRETISMO;2
Grécia Antiga;2
Monte Olimpo;2
Fundação de o Minho;2
Bar de Engenharia I;2
Palácio de Vila Flor;2
o Universidade de o Minho;2
Universidades Federais;2
Estaduais;2
Africana;2
Banda Eva;2
IC;2
AM-FM;2
P.D.-;2
Campi Gualtar;2
Instituto Ibérico;2
Spinvalor;2
Spin-Offs;2
Corta-Mato;2
Biblioteca Digital;2
Arquitectura;2
Afonsinos;2
Tunos;2
Monumental Serenata;2
Direcção;2
Teatro Universitário de Braga;2
Tlm;2
Vale de o Ave Digital;2
Vale de o Cávado;2
Electrónica Industrial;2
Tertúlias;2
ENAAP;2
Norte de Portugal;2
Lyon;2
Capela de o Faculdade de Teologia;2
Universíada;2
ISMAI;2
Ginásio Koryo;2
Opum;2
ISCISA;2
Universidade Eduardo Mondlane;2
UEM;2
Residência de S. Tecla;2
Cantina de Sta Tecla;2
Universidades Europeias;2
es;2
Situa-te;2
JGD;2
Court Soccer;2
AFUM;2
Estudos Chineses;2
Centro de Línguas e Culturas Orientais;2
Assembleia Geral;2
Recepção;2
Taekwondo de o UMinho;2
Provedor de o Adepto;2
Registos;2
Feira de Emprego;2
Bar de o Auditório;2
Departamento Social;2
Plano Monitorização;2
Medição Recepção;2
K2;2
Fiscalização;2
ED;2
Timor Leste;2
Bar de Engenharia II;2
Complexo Pedagógico;2
Bar de o Residência de Santa Tecla;2
Universidade de Búfalo;2
Artes;2
ESE;2
Konceito Fitness;2
Nanotecnologia;2
Energia;2
UCs Integradoras;2
Engenheiro Mecânico;2
Bar de o Auditório de Azurém;2
Torre de Macau;2
Hong Kong;2
Crestuma;2
Bom Jesus de Braga;1
Bracara Avgvsta;1
AAUE;1
Instituto Politécnico de Santarém;1
Engenharia Eletrónica Industrial e Computadores;1
João Dias;1
João Barbosa;1
Engenharia Informática de o AAUM;1
Largo Cónego José Maria Gomes;1
Pavilhão Desportivo de Azurém;1
sameiro;1
Estudos de o Criança;1
Instituto de Educação de o UMinho;1
Agrupamento de Escolas de Real;1
Investigadora de o UMinho;1
Tânia Soares;1
Arquitetura de o Universidade de o Minho;1
Chicago;1
@ComUM\artigo_108.md*;1
Estátua de o Prometeu;1
Cidade de Guimarães;1
Largo de o Câmara Municipal;1
Carolina Machado;1
Unir;1
Civil;1
Comunicações;1
Rossio de o Sé;1
Sede de o AAUMinho;1
ARCUS;1
Reuniões Gerais de Alunos;1
Ambiciona;1
Rio Maior;1
| Paulo;1
@ComUM\artigo_13.md;1
Salão Medieval de o Reitoria de o Universidade de o Minho;1
Rancho;1
Mariana Festa;1
Universidade Minhota;1
Associação;1
Assembleias Gerais;1
Burnout empresarial;1
@ComUM\artigo_132.md;1
Atestou;1
Camara Municipal de Braga;1
faculdade de Medicina de Lisboa;1
ULSAM;1
Juridiscional;1
Pedro Antunes;1
campus de Azurém;1
@ComUM\artigo_140.md;1
Polo de Guimarães;1
vereador de o câmara;1
Centro Nacional de Computação Avançada;1
PR;1
Artes Visuais;1
Centro Paroquial de Aldoar;1
apuro;1
Encontrar+se;1
favela;1
Rola;1
Cabritinha;1
Estupefação;1
Inspeção Geral de Educação e Ciência;1
Mariana Lopes;1
Tóquio;1
Auditório Nobre;1
Encorajar;1
Nave de Azurém;1
Mesa de Reunião Geral de Alunos;1
Mesa de RGA;1
Jéssica Machado;1
ARCUM;1
Mordomas;1
Pavilhão Desportivo de o Campus de Gualtar;1
@ComUM\artigo_171.md*;1
Sidney;1
Chinês Turístico;1
de Direito;1
Escola Secundária Francisco de Holanda;1
Agrupamento de Escolas de Montelongo;1
Instituto Multidisciplinar de Ciência e Tecnologia Marinha;1
Radionaval;1
Apúlia;1
ações-chave;1
Centro de Território;1
académica;1
Myroslava Antonovych;1
Universidade Nacional de Kiev-Mohyla;1
parlamento;1
Ministério de o Economia e Transição digital;1
Reitoria de o Universidade de o Minho;1
Cachapuz;1
| Maria Francisca Barros;1
Síria;1
Ministro de o Ensino Superior;1
Pontes com Portagens;1
Continente;1
Lusoponte;1
Salinas de o Samoco;1
Cave;1
Paço Arquiepiscopal de Braga;1
Paço Arquiepiscopal;1
Laboratório de Paisagens;1
UPA;1
Douro Litoral;1
Institutos de o UMinho;1
Por+;1
Salão Nobre de o Paços de o Concelho;1
Agere;1
Centro de Engenharia Biológica;1
SpinPark;1
Eua;1
Basília;1
Witwatersrand;1
Reitoria UMinho;1
Universidade de Córdoba;1
Universidade de Pitesti;1
universidade de Córdoba;1
Córdoba;1
B1;1
Países Baixos;1
León;1
Génova;1
Suceava;1
Maria Carvalho;1
Ciências de o Educação de o UPorto;1
FPCEUP;1
Instituto de Biomateriais;1
Centro interdisciplinar de Estudos de o Género de o Universidade de Lisboa;1
Fundação José Neves;1
Linha de Intervenção Psicológica;1
Jardim Botânico;1
Biologia de o UMinho;1
corte;1
Salão Medieval de o Reitoria;1
ministro de o Educação Nacional;1
Banda Filarmónica;1
Laboratório de Investigação e Desenvolvimento e Psicopatologia de o Centro de Investigação de Psicologia;1
many Friendly;1
There are the volunteers from the Erasmus Student Network;1
the Minho;1
Pontevedra in Galicia in Spain;1
Pontevedra;1
GPS;1
Latada;1
AUMinho;1
aAUAv;1
pré-Bolonha;1
Associação Empresarial de o Minho;1
AEMinho;1
Residência de o Combatentes;1
Bucesso;1
CeSIUM;1
Centro de Estudantes de Engenharia Informática;1
CoderDojo Minho;1
Irão;1
João Ferreira;1
Faculdade de Medicina de o Universidade de o Porto;1
Faculdade de Medicina de o Universidade de Coimbra;1
Faculdade de Ciências Médicas;1
Instituto de Ciências Biomédicas Abel Salazar;1
Castelo Branco;1
Santarém;1
Tomar;1
Sindicato Nacional de o Ensino superior;1
Sindicato Nacional de o Ensino Superior;1
| Sofia de Paulo;1
Cisjordânia;1
Afeganistão;1
Eindhoven;1
moscovo;1
Belgrado;1
Sófia;1
Istambul;1
Paulo Rodrigues;1
Viana de Castelo;1
Cunha;1
Rua Nova de Santa Cruz;1
António Cunha;1
Residência Lloyd;1
Autoridades;1
Edifício 1 de o campus de Gualtar;1
Complexo Pedagógico 1 de o campus de Gualtar;1
Igreja de São Francisco;1
concerto;1
Place Me- Mediação Imobiliário;1
Braga Boémia;1
@ComUM\artigo_45.md*;1
Azul-celeste;1
Sedes de o AAUMinho;1
Centenas;1
Direção de Tecnologias e Sistemas de Informação;1
Theatro Jordão;1
Salão Medieval de o UMinho;1
Universidade de Paris;1
Observatório de o Alojamento Estudantil;1
Sobrelotados;1
@ComUM\artigo_54.md*;1
Fundação Universidade de o Minho;1
Unidades Culturais de o Universidade;1
Cortejo 2023;1
Praça de o República;1
@ComUM\artigo_6.md;1
Engenharia Industrial;1
Gabinete Independente de Apoio Psicológico e Jurídico a o Vítima;1
Direção Geral de o Saúde;1
@ComUM\artigo_67.md*;1
Centro de Apoio Mental;1
Reunião Geral;1
abstenção;1
Salão Nobre de o Reitoria;1
Casa de o Artes;1
@ComUM\artigo_79.md*;1
Mondim de Basto;1
Mondim;1
algodão;1
Eh pa;1
Sledak;1
the Castle of Guimarães and The Dukes of Braganza Palace;1
Brasilians;1
heritages;1
Oliwia;1
Diego Cantu;1
Universidade de León;1
Universidade de o Pacífico;1
Lima;1
Autoridade Nacional de Prevenção Rodoviária;1
Wonderland;1
Teatro e Artes Visuais;1
Teatro Jordão Garagem Avenida;1
finanças;1
Moldura;1
Sete Varas;1
Passear;1
Espelha;1
@ComUM\artigo_96.md*;1
Gatunas;1
Olhe;1
comunicação;1
Palácio de o Dona Chica;1
AlexandraFernandes;1
Universidade de Minho?</interviewer;1
Universidade de o Minho.</interviewee;1
destaque1;1
Fomos de Braga;1
Báltico;1
Checolosváquia;1
Caima;1
Leninegrado;1
Estudantina;1
Estudantina Lisboa;1
Theatro de Circo;1
Trouxeste;1
Casa de o Universidade de o Minho;1
Monte de o Madeira;1
Parque Nacional de o Peneda de o Gerês;1
Montalegre;1
Peneda;1
VITAR;1
Liceu de Sá de Miranda;1
BarbaraRibeiro;1
foto_entrevista.png;1
Cps;1
Ismai;1
notaste;1
Centro Educativo;1
Reino;1
Vale de o Tejo;1
Arquivo de Portalegre;1
Beja;1
Codicologia;1
UCs;1
Unidos;1
sempre.</interviewee;1
IMG_2469.JPG;1
Ministério de Assuntos Exteriores;1
Instituto Cervantes;1
Universidade de Santiago;1
Estudos Espanhóis;1
António Sá;1
IMG_2462.jpg;1
La Casa de Bernardo Alba;1
<Miguel> sim;1
aqui</p;1
Universidade de o Minho</institution;1
jovens</activity;1
Bit Informática#?/area;1
<Miguel> Coincidia;1
Universidade de o Minho</institution></event;1
Centro de Engenharia Biológica</centro></event;1
Direito</title></course;1
Reino Unido</place;1
Estado Federal de Santa;1
Universidade Federal de o Paraná</institution;1
Rio Grande de o Norte</institution></goal;1
Unicamp</institution;1
<Miguel> *Perceber;1
Cantanhede;1
Letras de o Porto;1
Germânicas;1
Filologia Germânica;1
Rua de o Bonjardim;1
Porto.</b></entrevistador;1
Faculdade de Letras;1
Caíde;1
Marco de Canaveses;1
Liceu Rainha Santa;1
Campanhã;1
Doutora;1
Faculdade Letras de o Universidade de o Porto;1
Universidade de Warwick;1
Estudos Teatrais;1
Fundação Calouste Goulbenkian;1
U.M;1
O'Casey;1
CENDREV;1
Centro de Estudos Teatrais;1
Teatro de Évora;1
Seiva Trupe;1
Universidade de Essex;1
Abadia;1
São João;1
prioridade.</b;1
República;1
DEINA;1
Toulouse;1
Línguas Estrangeiras Aplicadas de o França;1
Faculdade de Línguas Estrangeiras;1
de o África;1
Línguas Estrangeiras;1
Lourenço  Marques;1
Joanesburgo;1
Pretória;1
Porto Mós;1
Torres Vedras;1
agosto;1
England;1
Uno;1
cabedelo;1
Aústria;1
Cairo;1
Egipto;1
Trancoso;1
Beiras;1
Pinhal Novo;1
Alto  Douro;1
Soutelo;1
Macieira de Câmara;1
Páscoa;1
Ciências Sociais de o Universidade de o  Minho;1
Faculdade de Filosofia de o  Universidade Católica;1
Reitor de o Universidade de o  Minho;1
Praça Condestável;1
Colégio de o Caldinhas;1
Waterloo;1
Milão;1
Caldinhas;1
Colégio de S. João de Brito;1
Fundação Gulbenkian;1
Conacri;1
Ilha de Colmo;1
Morés;1
Largo doPaço;1
Portopara;1
Eujá;1
Engenharias de o Universidade;1
Secretaria de Estado e;1
Instituto de Apoio;1
Emigração;1
dasmudanças;1
Umagestão;1
Mandingas;1
Valantes;1
Fluctos;1
meubisavô;1
Carlos;1
Imitava;1
Faculdade de   Medicina de o Porto;1
Engenheiro Lima;1
Pensavas;1
Leornado de o Vinci;1
Faculdade de Medicina;1
Abílio;1
amadurecimento;1
Ermída;1
Serra de o Gerês;1
Alentejo;1
Monumento de o Descobrimentos;1
Castro d' Aire;1
Serra de Monte Mouro;1
Rua doSouto;1
Centro Comercial de o Garanjinhos;1
Vila de o Conde;1
Biblioteca Municipal;1
Casa de José Régio;1
Igreja Matriz;1
Santuário de o Penha;1
Brasileiros;1
CODEP;1
Lago;1
Pico de Regalado;1
Rulães;1
Arões;1
Arcada;1
Banco de Portugal;1
Nossa Senhora;1
Quinta-feira Santa;1
Sexta-feira Santa;1
Póvoa de Varzim;1
Colégio de o Bulim;1
Igreja de o Carmo;1
Carlos Amarante;1
Ponte;1
Monte d'Arcos;1
Escola de S. Lázaro;1
Paralelipípedo;1
Ciências para o Engenharias;1
Antigo Regime;1
Instituto Industrial de o Porto;1
Aconteceque;1
Casámos;1
Hotel de o Elevador;1
Ultramar;1
Trofaria;1
Tejo;1
Caparica;1
Dondo;1
Bucuva;1
Parque de o Corongosa;1
Gadozinho;1
Electricidade;1
Potugal;1
Indonésia;1
Comércio de o Porto;1
Data General;1
Centro de Ciências e Engenharia de Sistemas;1
Ramada;1
Instituto Industrial;1
eupenso;1
Alenquer;1
Quénia;1
Burundi;1
S.Pedro de o Rio Seco;1
correio;1
Bairro de o Amoreira;1
Tortosendo comigo;1
Lar de o Cabrada;1
Levanda;1
Craveiro;1
Castelo Rodrigo;1
Oia;1
Granada;1
Coitadinha;1
Jardins de o Paço Episcopal;1
Rua Eça de Queirós;1
Jardins de este Palácio Episcopal;1
Barroca;1
Bom-Jesus;1
Filosofia de Portugal;1
Passo Sousa Alves;1
PRODEP;1
Machado de o Santos;1
Quinta de o Armada;1
Palácio de o Vila Flôr;1
Freitas de o Amaral;1
faculdade de medicina;1
Santos Simões;1
Aguiar  e Silva;1
Faculdade de Medicina e Direito;1
Conservatório;1
castelo;1
Adabe Loureiro;1
Letras de Humanidades;1
Português-Inglês;1
Ciências de o Engenharia;1
Físico-Quimicas;1
Avenida  José Manuel de o Conceição;1
Moure Santa Maria;1
Alvirinha de Jesus Domingues;1
Moure;1
Santa Maria;1
Custódia  Maria Domingues de Sá;1
Chumbei;1
Hotel Frankford;1
Sul Americano;1
Rápido;1
Castelo;1
Sozinhos;1
Nine;1
Quinta de o  Capela;1
Rua de São João de o João de o Souto;1
Santiago;1
Rua  Santa Margarida;1
São João de o Souto;1
Abade de o  Loureira;1
Centro de Formação de  Informática de o Minho;1
T3;1
Vasco Luís Freitas;1
Abreu e Lima;1
Alto- Minho;1
Beira-Alta;1
Tete;1
Raídes;1
Campo de o Vinha;1
Praça Conde de agrolongo;1
Misericórdia;1
Lisboa para;1
Engenheiro Químico;1
Faculdade de Engenharia;1
Rossio;1
Ciências Exactas e Tecnologias;1
Ministério  de o exército;1
Complexo Pedagógico I;1
Póvoa de  Lanhoso;1
Largo de o Paço**;1
Português;1
Arábia Saudita;1
Figueira;1
Mondego;1
Belém;1
Mil Fontes;1
Mil  fonte;1
Cabo de São Vicente;1
Sagres;1
UMdicas-100-Entrevista1;1
Excecionais;1
Fair-Play;1
@UMdicas\UMdicas-100-Entrevista2;1
Laboratórios Associados;1
Centro de Formação Pós-;1
Edifício de o Largo de o Paço;1
Centro de Formação Pós-Graduada;1
Centro Ciência Viva;1
Fundação Martins Sarmento;1
CEC2012;1
Alameda de S. Dâmaso;1
Capital Europeia de o Cultura;1
Azeitunos;1
@UMdicas\UMdicas-101-entrevista1.md;1
Inglês;1
continente;1
Esposa;1
Açorianos;1
@UMdicas\UMdicas-101-entrevista3;1
Desporto em o Ensino Superior Português;1
Académica;1
@UMdicas\UMdicas-101-entrevista4;1
Alemão;1
@UMdicas\UMdicas-102-entrevista1.md*;1
estruturo;1
UMdicas-102-entrevista2;1
@UMdicas\UMdicas-102-entrevista3;1
Faculdade de Engenharia de o U.Porto;1
Infraestrutura;1
instituto de Ciência e Inovação para o Bio-Sustentabilidade;1
Campos de Gualtar;1
Nascente;1
Abade Loureira;1
Corpo Central;1
Campi de Azurém;1
Biblioteca Central de o UM;1
Gabinete de Apoio a o Ensino;1
UMdicas-102-entrevista4;1
Faculdade de Economia de o Universidade de o Porto;1
Queima de o Fitas de 1994;1
Magnolia;1
Hippopotamus;1
Trofa;1
São Gião;1
Moreira de Cónegos;1
UMdicas-103-entrevista1;1
Engenheiro Informático;1
Engenharia Informática;1
Big Fish;1
Estaminé;1
Ilha de o Barreta;1
Capitais Europeias;1
Plataforma de o Artes;1
Parque de Exposições?;1
Pavilhão Desportivo de Lamaçães;1
APPACDM;1
Institucionais;1
Línguas de o UMinho;1
Vera Cruz;1
Federada;1
instituição;1
Departamental;1
Stª Tecla;1
Universidade em Portugal;1
Setor Alimentar de o SASUM;1
Bronze;1
@UMdicas\UMdicas-106-entrevista3.md;1
Responsabilidades;1
FAC;1
UMdicas-107-entrevista2;1
NUT II;1
@UMdicas\UMdicas-108-entrevista1;1
Snack-bar Congregados e;1
Bar 5;1
Bar EngªII;1
Bar CP2;1
Bar EngªII- Azurém;1
UMdicas-108-entrevista2;1
Residência Universitária de Santa Tecla;1
Sala de Desporto;1
Centro de Braga;1
Cidade Europeia;1
Apoio Clínico;1
setor de Bolsas;1
Pólo de Braga;1
SERV-PSI;1
Residências Universitárias de o Universidade de o Minho;1
Residências;1
1397.Em Braga;1
Diretor-Geral de o Ensino Superior;1
Natal Feliz;1
UMdicas-109-entrevista1;1
Atenas;1
Regional;1
Nacional Suíça;1
Ski;1
Instituto de o Defesa Nacional;1
Friburgo;1
Lausanne;1
Hemisfério Sul;1
Casablanca;1
Arquivo Distrital de o Porto;1
Torre de o Tombo;1
Preservação Digital;1
Glasgow;1
Edinburgo;1
Repositorium;1
Doutunos;1
Curandeiros;1
Parasitas;1
tesoureira;1
Congressos;1
festival;1
Retiro;1
tunamedicinaum@gmail.com;1
Setor de Economato;1
Instituto de Bio-Sustentabilidade;1
Topologia Algébrica;1
Licenciatura;1
Matemática Económica e Financeira;1
UMdicas-110-entrevista4;1
Recursos Humanos;1
Hotel;1
UMdicas-111-entrevista3.md;1
Faculdade de Ciências de o Porto;1
Cortejo Académico;1
Cinema Paraíso;1
UMdicas-112-entrevista1;1
Setor de Património de o SASUM;1
setor de Património;1
Setor de o Património;1
@UMdicas\UMdicas-112-entrevista2;1
Universidade de o Carolina de o Sul;1
Ministro de o Finanças;1
Modernização Administrativa;1
SAMA;1
Fundação Publica de Direito Privado;1
setor de Apoio;1
@UMdicas\UMdicas-113-entrevista2.md;1
Engenheiro Alimentar;1
FCPorto;1
Abade;1
Priscos;1
TOP100;1
Showroom;1
Universidades de o Texas;1
Cornel;1
CE;1
COHITEC;1
@UMdicas\UMdicas-114-entrevista3;1
MOA;1
Sala de Autoaprendizagem;1
@UMdicas\UMdicas-115-entrevista1;1
prosperidade;1
Budokwai;1
Estónia;1
@UMdicas\UMdicas-115-entrevista4;1
Pedagógico;1
CNPEES;1
Infância;1
Adapto;1
NEEBUM;1
Páasaro de o Cabeça;1
S. Perterburgo;1
Silvas;1
Gafanhoto;1
Pizzarte;1
Maré Cheia;1
Trincadeira;1
campanha;1
BARRIGA;1
Rosário;1
@UMdicas\UMdicas-116-entrevista3.md;1
Instituto de Ciências de o Vida e Saúde;1
Dificílima;1
Médio Oriente;1
Tel Aviv;1
Ljubljana;1
@UMdicas\UMdicas-116-entrevista4;1
Casa Museu Monção;1
Alto Minho;1
Serralves;1
Museu D. Diogo de Sousa;1
Museu de o Biscainhos;1
museu de Tibães;1
Arte Total;1
Centro de Educação por o Arte;1
Consello de o Cultura Galega;1
Santa Casa de o Misericórdia de Braga;1
Teatro Clássico de o;1
Teatro de o UM;1
@UMdicas\UMdicas-116-entrevista5;1
Entrevista Augustuna;1
@UMdicas\UMdicas-117-Entrevista1;1
Setor de bolsa;1
UMdicas-117-Entrevista2;1
Iluminação Ecológica e;1
U.Minho;1
Africa;1
Asia;1
Hysee;1
Soluções Geográficas de Apoio;1
ISEGI/ Universidade Nova de Lisboa;1
Estado Português;1
Know-How;1
Finicia;1
Tucson;1
Arizona;1
Grande Canyon;1
UMdicas-118-Entrevista2;1
BRIGIT;1
LiftOff;1
Gabinete de Apoio a o Empreendedorismo de o AAUM;1
@UMdicas\UMdicas-119-Entrevista1;1
Data Center de o SASUM;1
Intranet de o Universidade de o Minho;1
UMdicas-119-Entrevista2;1
Engª de Gestão Industrial;1
@UMdicas\UMdicas-119-Entrevista3;1
GIP;1
Flor de o Castelo;1
Foz Velha;1
Mendi;1
Micropolis;1
ecofoot;1
Success Gagdet;1
Centro de Ciência e Tecnologia Têxtil de o Universidade;1
capotilha;1
Largo de o Carpe;1
Bairro de o Alegria;1
Garfe;1
Aldeia de o Presépios;1
Igreja de S.Vitor;1
UMdicas-119-Entrevista7;1
UMdicas-120-Entrevista1;1
Científico-Natural;1
setor;1
UMdicas-120-Entrevista2;1
Val-d’isère;1
Comunicação Social por o UMinho;1
Moura;1
Yale;1
forte;1
Carnaxide;1
Orçamento Geral de o Estado;1
Circular RT-05/2011;1
Universidade Fernando Pessoa;1
EEUM;1
Amêijoas;1
Bulhão Pato;1
Arroz de Lampreia;1
@UMdicas\UMdicas-120-Entrevista6.md*;1
Instituto Superior de Ciências Administrativas de Lisboa;1
Betweien;1
Macedo de Cavaleiros;1
Aveiro Empreendedor;1
Campo de Flores;1
Armamar;1
Vale de Cambra;1
Sanjoaninas;1
Reavivar;1
Serviços Desportivos;1
Universidades de o Centro;1
Centro de Condição Física de o Residência Universitária de Sta;1
Sala de Desportos de o Congregados;1
ACD;1
Gestão de Eventos;1
@UMdicas\UMdicas-121-Entrevista2;1
Vice-reitor de o UMinho;1
Aceitei;1
Vice-reitor;1
Cambridge;1
Concelho Europeu de Investigação;1
Panamá;1
Estados Unido;1
Departamento de o Gabinete de o Administrador;1
Complexo Residencial de Stª. Tecla;1
Sector de Fiscalização;1
ISO:9001;1
@UMdicas\UMdicas-122-Entrevista2;1
Prado;1
Roterdão;1
Câmara Municipal de Portimão;1
Praia de o Rocha;1
Hotel Tivoli Marina Portimão;1
Ciências de o Universidade de o Minho;1
Universidade de Akron;1
ciência e Engenharia de polímero;1
Engenharia Metalúrgica;1
UCs de Laboratórios Integrados;1
Engenheiro de Materiais;1
Nepal;1
UMdicas-122-Entrevista5;1
Centro ALGORITMI de o UMinho;1
PD-Net;1
ID&T;1
UMdicas-123-Entrevista1;1
Autoridade Tributária;1
Base-gov;1
Médio;1
@UMdicas\UMdicas-123-Entrevista2;1
Faculdade de Psicologia e Ciências de o Educação de o Universidade de o Porto;1
doutoramento;1
Centro de Investigação em Psicologia;1
Casa de Pasto Palmeira;1
@UMdicas\UMdicas-123-Entrevista3;1
Visteon;1
Alemã;1
UMdicas-124-Entrevista1;1
UMdicas-124-Entrevista2;1
@UMdicas\UMdicas-124-Entrevista4;1
Cooperativa Municipal de o Desporto;1
Berço de o Portugalidade;1
Andebol;1
Panta;1
UMdicas-124-Entrevista7;1
Aceditação;1
Zizina Cristino;1
Voluntários de o Concelho de Guimarães;1
Praça de Santiago;1
Pavilhão de o Inatel;1
Covilhã-Guarda;1
@UMdicas\UMdicas-125-Entrevista1;1
Centro Médico de o Universidade de o Minho;1
@UMdicas\UMdicas-126-Entrevista2;1
Estádio Municipal;1
Balcão Único municipal;1
Estádio 1º de maio;1
Pavilhão Flávio Sá Leite;1
Parque de o Ponte;1
Parque de o Picoto;1
Espaços de o Cidadão;1
Bragahabit;1
Entidade Regional de Turismo de o Porto;1
Norte Portugal;1
Eixo Atlântico;1
Picoto;1
Parque de o Sete Fontes;1
Cávado;1
Ecopista;1
IMT;1
Direção Geral de o Autarquias Locais;1
Capital;1
@UMdicas\UMdicas-127-Entrevista1;1
Sector Público;1
Desvio;1
Inventários;1
setor de o Alojamento;1
Fisco;1
Setor de Orçamento;1
Celina Machado;1
Contabilidade Pública;1
UMdicas-129-Entrevista4;1
Internacionalização de o Ensino;1
Pró-Reitora de o UMinho;1
Internacionalização de o Ensino?;1
Iacobus;1
Erasmus+;1
Filipinas;1
Nigéria;1
Rosa;1
Mirandesa;1
UMdicas-130-Entrevista1;1
Economia de o UMinho;1
Faculdade de Economia;1
Vrije Universiteit Amsterdam;1
Ferrugem;1
Abocanhado;1
UMdicas-130-Entrevista2;1
Tuna Universitária de o Minho;1
Feira Rural;1
@UMdicas\UMdicas-131-Entrevista1.md*;1
MELSLE;1
Faculdade de Filologia de o Universidade de Santiago de Compostela;1
Ciências de o Cultura;1
MESSLE;1
Publicável;1
Tubular Bells de M. Oldfield;1
Tübingen;1
UMdicas-131-Entrevista2;1
UMdicas-131-Entrevista3;1
Cairense;1
Opum Dei;1
Wembley;1
@UMdicas\UMdicas-132-Entrevista1;1
Distrito;1
Distrito de Braga;1
Vereadora de o Câmara Municipal de Braga;1
Serviços Sociais de o UM;1
Câmara de Braga;1
Pavilhão Desportivo de o UMinho;1
Pavilhão de Lamaçães;1
Complexo Desportivo de o Universidade de o Minho;1
campus;1
Estádio Olímpico de Gwangju;1
UMdicas-133-Entrevista1;1
Apoio Mínimo;1
Fitness;1
Ação Social;1
serviços;1
@UMdicas\UMdicas-133-Entrevista2;1
Museu de Arqueologia D. Diogo de Sousa;1
UAUM;1
Arqueologia por o UM;1
Arqueologia de o UM;1
UMdicas-134-Entrevista1;1
ABC/UMINHO;1
@UMdicas\UMdicas-134-Entrevista2;1
Pinheiro;1
Tribunal Constitucional;1
Centro Histórico;1
Pevidém;1
Património Cultural de o Humanidade;1
Câmara de Guimaraes;1
Ciências Farmacêuticas;1
Instituto Confúcio de o UM;1
Romano;1
Bracara Augusta;1
Gigantones;1
Zés;1
Pereiras;1
Tunísia;1
B.A.;1
Húngara;1
Mozelos;1
Santa Maria de o Feira;1
UMdicas-135-Entrevista2;1
Juiz Jubilado de o Supremo Tribunal de Justiça;1
Ministro de o República;1
Região Autónoma de o Açores;1
Juiz Conselheiro de o Supremo Tribunal de Justiça;1
UMdicas-136-Entrevista1;1
Arquitetura;1
FAUP;1
Faculdade de Arquitetura de o Universidade de o Porto;1
Faculdade de Ciências e Tecnologia de o Universidade de Coimbra;1
Egito;1
Estudos Europeus;1
Sciences Po;1
RI de o;1
Centro de Investigação em Ciência Política;1
CICP;1
UMdicas-138-Entrevista1;1
UMdicas-138-Entrevista2;1
Faculdades de Medicina;1
UMdicas-139-Entrevista1;1
engenheiro;1
Roque Teixeira;1
Peso de o Régua;1
Pão Quente nobreza;1
Governo Constitucional;1
Gabinete Ministerial;1
BEM GERAL TEM;1
Nice;1
Estudaste;1
Universidade de Futuro;1
UMdicas-139-Entrevista2;1
UMdicas-140-Entrevista1;1
Hospital de J. João;1
Costa Oeste;1
Remada de o Mar;1
Competelhe;1
NIPE de Muito Bom;1
UMinho-Exec;1
Observatório de Acompanhamento;1
•Ensino;1
@UMdicas\UMdicas-142-Entrevista1;1
Universidade de Zagreb;1
Zagreb;1
UMInho;1
@UMdicas\UMdicas-143-Entrevista1;1
S. Paio;1
Conselheiro Nacional de o Desporto;1
Berço;1
Centro Histórico de Guimarães;1
Desportivo de Guimarães;1
Cidade Desportiva;1
Multiusos;1
Complexo de Piscinas;1
Pista de Atletismo;1
executivo Municipal;1
Polícia Municipal;1
Vila de Ronfe;1
Autoridade Municipal de Transportes;1
Centro Municipal de BTT;1
Centro de Formação Pós- Graduada;1
UMdicas-144-Entrevista1;1
Complexo Pedagógico II;1
UMdicas-144-Entrevista2;1
Engenharia Biomédica;1
Controlo;1
CNRS;1
Marselha França;1
RWTH Aachen;1
University of Milano;1
University of Groningen;1
Center;1
Baltimore;1
Centro Hospitalar de o Porto;1
Casa de Saúde de Guimarães;1
IBERDATA;1
@UMdicas\UMdicas-145-Entrevista1;1
DEI;1
Ouvi-los;1
Propagação;1
Antenas;1
@UMdicas\UMdicas-145-Entrevista2.md*;1
Europa de leste;1
UMdicas-146-Entrevista1;1
Gabinete de Apoio;1
Gabinete de Desenvolvimento;1
Biotério;1
Centro de Formação Pósgraduada;1
Serviços de o Administração;1
Biomateriais Cidade de Guimarães;1
Bico;1
Clermont-Ferrand;1
Antuérpia;1
@UMdicas\UMdicas-147-Entrevista1;1
Sameiro Araújo;1
Piscina de o Ponte;1
Piscina de o Rodovia;1
Conselho Municipal de o Juventude;1
Pequenos Grandes Políticos;1
CMJ;1
Alameda de o Saúde;1
Concelho de Braga;1
Vacinação Infantil;1
Cidade Europeia de o Desporto 2018;1
@UMdicas\UMdicas-147-Entrevista2;1
Paulo Flores;1
Rossas;1
Universidade de Wichita;1
Instituto Federal de Tecnologia de Zurique;1
Universidade de o Arizona;1
Biomecânica de o UMinho;1
Biomecânica;1
Biomecância;1
Congresso Nacional de Biomecânica;1
UMdicas-148-Entrevista1;1
Eloy Rodrigues;1
Biblioteca de Direito;1
Biblioteca Prof;1
Biblioteca Nuno Portas;1
América de o Norte;1
COAR;1
Veneza;1
Biblioteca de o campus de;1
@UMdicas\UMdicas-148-Entrevista2;1
Maldivas;1
Camboja;1
Vietnam;1
UMdicas-149-Entrevista1;1
Bairro de o Gaia;1
Montanha;1
Arbitragem;1
@UMdicas\UMdicas-149-Entrevista3.md*;1
long long;1
Leningrado;1
Rua de Souto;1
TITULO INDIVIDUAL;1
Bragalimpa;1
Bieolorússia;1
Amizade;1
União;1
Tento;1
UMdicas-150-Entrevista2;1
Círculo de Arte e Recreio;1
Opum DEI;1
Centro de Artes e Espetáculos de Guimarães;1
São Mamede;1
Rua de o Veiga;1
@UMdicas\UMdicas-151-Entrevista1;1
Universidade de o Ranking de o EUSA;1
Fundo;1
Área de o Desporto;1
Engª Produção;1
Universidades Inglesas;1
Direção de o Exploração de o Transportes Urbanos de Braga;1
Estrasburgo;1
UMdicas-153-Entrevista1;1
RABEEES;1
UMdicas-154-Entrevista1;1
@UMdicas\UMdicas-154-Entrevista2;1
São João de o Madeira;1
planeamento e Desenvolvimento Regional;1
Planeamento de Transportes por o Imperial;1
Universidade de Trás-os-Montes e Alto Douro;1
Forte;1
@UMdicas\UMdicas-155-Entrevista1;1
Instituto Português de o Desporto e Juventude;1
Câmara Municipal de Aveiro;1
Estádio Universitário de Coimbra;1
Instituto de Educação de o Universidade de o Minho;1
Instituições de Ensino superior;1
UMdicas-157-Entrevista1;1
Co-Presidente de o Comissão “;1
Managing Director de o Pathena;1
Espaço de Pedra e Letra;1
Portela;1
aAUM;1
Federação Académica de o Porto;1
Associações Juvenis;1
Feira de o Sarrabulho;1
Lista;1
Desenvolvimento de Carreiras;1
Presidente de o câmara Municipal de Braga;1
Escola D. Luís de Castro;1
Edifício Militar de o Rua Bernardo Sequeira;1
Convento de Santa Rosa de Lima;1
Nápoles;1
Matera;1
Potenza;1
Casa de o conhecimento;1
Galeria;1
Observatório de Políticas Públicas;1
Europeu;1
Rua D.;1
confiança;1
Quinta de o Peões;1
Juiz Conselheiro Jubilado de o Supremo Tribunal de Justiça;1
Juiz Conselheiro;1
Pólo de Investigação em Engenharia de Polímeros;1
Condução Autónoma;1
Centi;1
Paulo Cruz Pró-reitor;1
Pró- Reitor;1
Term Hub;1
Pavilhão 6 de o Campus de Azurém;1
Centros de o Yoga;1
Cidades Europeias de o Desporto;1
Imperial College;1
Bioquímica;1
NEBQUM;1
Pavilhão Municipal de Lamaçães;1
Transportes Urbanos de Braga;1
Geórgia;1
Protelámos;1
Complexo Residencial de Azurém;1
Mobilidade;1
COP22;1
Marraquexe;1
Primeiro ministro;1
Instituto de Investigação de Vida e Saúde;1
centro IDEA-UMinho;1
Observatório de Percursos Académicos;1
UPA-Universidade de Portas Abertas;1
Centro IDEA UMinho;1
Referiria;1
Federação Nacional de Desporto;1
Fundão;1
Governo de Portugal;1
Procurarei;1
@UMdicas\UMdicas-170-Entrevista1.md*;1
Comunidade cerimónia;1
Tissues Engineering and Regenerative Medicine;1
Research Hub;1
Instituto Cidade de Guimarães;1
UMinho de o Medalha de Honra a o;1
Federação Académica de o Desporto Universitário de o Prémio Prestígio;1
Governo Português;1
Sta Luzia;1
dia-a-“A Universidade de o Minho;1
Arquitetos;1
presidente de o Direção de o Associação Académica de o Universidade de o Minho;1
Professora Catedrática de o Instituto de Educação;1
RAUM;1
Bysteel;1
Colégio Doutoral de o UMinho;1
Colégio;1
Sé de Braga;1
Coronavírus;1
UMdicas-176-Entrevista1;1
FAS de o UMinho;1
Centro de Computação Avançada de o Minho;1
MACC;1
TERM Research Hub;1
Têm-no;1
estado português;1
Vivenda Sameiro;1
Universidade de o Minho Projeto;1
Fundação Projeto;1
Braguesa;1
Tunas Femininas;1
Récita 1º dezembro;1
UMdicas-177-Entrevista1;1
Helena Ferreirinha;1
Trás-os-;1
Provedor Institucional de o Universidade de o Minho;1
Órgão de Governo de o UMinho;1
Superior Hierárquico;1
Técnica Superior;1
@UMdicas\UMdicas-177-Entrevista3.md;1
Tunas de o;1
Salsichão;1
Natal;1
@UMdicas\UMdicas-178-Entrevista1;1
REOGUM;1
Vim;1
Liberdade;1
UMdicas-178-Entrevista2;1
Centro de Estudos Lusíadas;1
Fundação Cupertino de Miranda;1
Srª presidente de o;1
Biscainhos;1
Centro Cultural Vila Flor;1
Boémia;1
Grândola Vila Morena;1
Festival Internacional de Tunas Universitárias;1
Sul;1
Múrcia;1
Bebedeiras;1
Serenatas;1
serviço Sociais;1
Engenheiro Carlos Silva;1
Reitor de o Universidade de o Minho queixouse;1
UMdicas-180-Entrevista1;1
Ingressei;1
Universidade de o Beira interior;1
Unhais de o Serra;1
GD Mata;1
Colégio Nossa Senhora de o Bonança;1
Instituições de o Ensino Superior;1
Ministério de o Ciência Tecnologia e de o Ensino Superior;1
@UMdicas\UMdicas-180-Entrevista3;1
Miss Portugal;1
Mercadinho de Natal;1
Avintes;1
português;1
praia de o Malhão;1
Costa Vicentina;1
Vice-Reitora de o UMinho;1
Plenário;1
Reitoria de o UMinho;1
Terra- Homem;1
UMdicas-182-Entrevista1;1
BR;1
Carvoeiro;1
Orgaos-da-Universidade;1
COVID19;1
Castelões;1
@UMdicas\UMdicas-183-Entrevista2;1
AUGUSTUNA;1
Liceus Nacionais;1
Novais;1
IPVC;1
Ciência de Dados;1
Escola Santa Luzia;1
UMdicas-185-Entrevista1;1
Reprografia de o Universidade;1
UMdicas-185-Entrevista2;1
Jornalismo Judiciário;1
Universidade Lusófona de Lisboa;1
Ministério Público de o Tribunal Constitucional;1
Procuradora Geral Adjunta;1
Ministério Público de São Tomé e Príncipe;1
Procuradora Geral de o República;1
APDMF;1
Governo de o Universidade;1
Barómetro;1
UMdicas-185-Entrevista3;1
Círculo de Arte e;1
Recreio;1
Ribeira;1
Belas-Artes de Lisboa;1
Professora Joana Aguiar e Silva;1
São Paulo-Brasil;1
Lenço de o Namorados;1
Capotilha;1
Sol de Inverno;1
Conservatório Gulbenkian;1
Grande Auditório;1
Altice Forum Braga;1
VI Tunão;1
Arraial & Rally Tas’ca Piela;1
Filedoc;1
Intranet UMinho;1
Secretária de o administração de o SASUM;1
Ucrâniana;1
Jorge Braz;1
Alto Rendimento Desportivo;1
Sonim;1
Koper;1
Natal de o Serviços;1
Residência de Santa Tecla;1
Kaisen;1
Fico-lhe;1
Universitários de o Minho;1
1º de dezembro;1
Conceição Rodrigues;1
Viajar;1
Natural de Anadia;1
Casa de o Estudante-Atleta;1
Museu de o Desporto Universitário Português;1
Alto Rendimento;1
Federação Nacional de Desporto universitário;1
Andaluzia;1
Instituto de o Trabalho;1
Delegação de Braga;1
Neutralidade;1
Independência;1
Voluntariado;1
portuguesa;1
desenvolvimento de Competências Pessoais e Sociais;1
Delegação de Braga de o Cruz Vermelha;1
Alojamento Temporário;1
Centro Local de Apoio;1
Centro Comunitário;1
Cantina Social;1
Sta;1
préruína;1
CVP-DB;1
Delegação de Braga de o Cruz Vermelha Primeiro;1
Delegação de Braga de o Cruz Vermelha Portuguesa?;1
Óscar Melo;1
São Leonardo de Galafura;1
Recinto de o Monumentais Festas de o Enterro de o Gata;1
AAUMinho Presente;1
RECURSO;1
Associações Académicas;1
Marco Monteiro;1
mentorias;1
Convento de São Francisco;1
Unidades Orgânicas;1
Fábrica de o Arquinho;1
Desporto e Cultura;1
Santa Marta de Penaguião;1
Bar de o Teatro Jordão;1
Instituto Gulbenkian de Ciência;1
Vice-reitora;1
Órgão;1
Professora Cecília Leão;1
pt;1
Medalha de Mérito Científico;1
Canção Coimbrã;1
Colégio de São Caetano;1
Maximinos;1
Coimbrã;1
Las Vegas;1
São Martinho;1
Queimas de o Fitas;1
Hamburgo;1
Praga;1
Pavilhão de Portugal;1
Farol de Montedor;1
Festança;1
Ancede;1
Baião;1
Tregosa;1
de o Bira a o Samba;1
São João de Braga;1
península Ibérica;1
Fátima Gomes;1
Gondizalves;1
Sina-Grupo de Fados de o AAUMinho;1
Consulado de o Índia;1
Swásthya;1
Federal;1
Estadual;1
Uni-Yôga;1
Unidade Braga;1
Largo de o Senhora-a-Branca;1
Universidade de o Minho Pavilhão;1
Comendador;1
Notório Saber;1
UMdicas-22-Entrevista2;1
Novo Administrador;1
Universitária de Coimbra;1
UMd UMd;1
Ciências de Comunicação de o UM;1
ISAVE;1
IPCA;1
@UMdicas\UMdicas-23-Entrevista1;1
Bárbara de Braga;1
Ciências de o Desporto e Educação Física;1
Africanos;1
Africano;1
Bénim;1
Terapia;1
Universidade Autónoma de Lisboa;1
Universidade Autónoma;1
Universidade de Barcelona;1
Festivais de Vilar de Mouros;1
Marante;1
Velório;1
Grande;1
Falperra;1
Santoinho;1
Chico  “Boitezuleiza;1
Sudoeste;1
vodka;1
L.B.;1
L.B.–O;1
Baixo;1
Fukuoka;1
UMdicas-29-Entrevista2;1
Turcos;1
Marcel Fischer(Esgrima;1
Ginástica Rítmica;1
@UMdicas\UMdicas-29-Entrevista3;1
Pres;1
Secretaria de Estado de o Desporto;1
C.S.-;1
Mongólia;1
Vietname;1
Bolívia;1
Sudeste Asiático;1
Aúnica;1
Fugas;1
Engenheiro José Fernandes;1
Congrega;1
Ensino Superior Público;1
UMdicas-33-Entrevista1;1
Serviços UMinho;1
Qualidade de o Quantidades;1
Universidade de destino;1
Guia;1
Freis;1
Equador;1
Hipócrisia;1
UMdicas-33-Entrevista3;1
Conselho Fiscal;1
Feira de Biotecnologia;1
Departamento de Biológica;1
@UMdicas\UMdicas-34-Entrevista1;1
Campus de Galtar;1
@UMdicas\UMdicas-35-Entrevista1;1
Escolas de o Universidade;1
Política;1
Biblioteca Interactiva;1
Centros Tecnológicos de o Galiza;1
Centros Tecnológicos de o Norte de Portugal;1
Pólo de Software de o Minho;1
Universidade-Regional;1
universidade de o o Universidade de o Minho;1
Campus de o Universidade;1
@UMdicas\UMdicas-37-Entrevista3;1
Centro Tecnológico de o Calçado;1
CENTIMFE;1
Instituto Nacional de Engenharia e Tecnologia Industrial;1
Cluster de o Construção Civil;1
CENESTAP;1
Centros Tecnológicos;1
Propriedade Industrial;1
GAPI;1
Instituto Ibérico de Investigação e Desenvolvimento;1
Gran Teatre del Liceu de Barcelona;1
Vigo Cup;1
Escola Francisco Sanches;1
Sensoriais;1
Praça de o Escolas;1
Campus Virtual;1
Carla Machado;1
Aparecerem;1
G.R- estar;1
Faculdade  de Letras de o Universidade de o Porto;1
Biblioteca Geral de o U.M.;1
Biblioteca U.M.;1
Biblioteca Geral de o Universidade;1
Instituto Nacional de Estatística;1
B-on;1
Equitação;1
Valença de o Minho;1
Reims;1
Morselle;1
Le Touquet;1
Compiegne;1
Sezim;1
Quartel de Braga;1
UMdicas-46-Entrevista1;1
Francisco de Holanda;1
Federação Nacional de Estudantes de Direito;1
FNED;1
Derectum;1
IPJ de Braga;1
Assembleia Geral de o FNED;1
UMdicas-46-Entrevista4;1
Cidade Berço Festival Internacional de Tunas;1
IV Cidade Berço;1
Sala de o Afonsina;1
Edifício AAUM;1
Restauração de o Independência Portuguesa;1
Liceu de Braga;1
Numero Único;1
Universidades de o Pais;1
@UMdicas\UMdicas-47-Entrevista1.md*;1
ST;1
Despacho RT-55/2003;1
Gabinete de o Instalações Definitivas;1
UMdicas-47-Entrevista4;1
Nova Sede;1
UMdicas-47-Entrevista5;1
Sede de o CeSIUM;1
Residência Universitária;1
Matraquilhos;1
P.E.S.;1
Bowling;1
Mailing-List;1
Cazaquistão;1
ELSA House;1
Internacional de o Figueira de o Foz;1
Portucalense;1
Santa Cruz de o Bispo;1
casinodaelsa.blogspot.com;1
Direito Administrativo;1
RNAJ;1
Tuna;1
azeitice;1
Tuno;1
Salão Europeu de o Estudante;1
Festa Anual de o Instituto de o Universidades Europeias;1
Rep. Checa;1
Caloiro de o Azeituna;1
Coliseus de Lisboa;1
Teatro Camões;1
CCB;1
Casa de o Música;1
Casa de o Azeituna;1
Kartódromo de Baltar;1
FOCA- Clube de Natação de Felgueiras;1
Fluvial ˜Bicampeã Nacional de Juvenis Femininos;1
Mielfield;1
˜Presença;1
Fluvial;1
Coordenação;1
SA.S.U.M.;1
UMdicas-50-Entrevista2;1
Sónia;1
Férias;1
Haja Saúde;1
Hospital de São Marcos em;1
Almedina;1
Pirâmide;1
UMdicas-50-Entrevista3;1
TUM Teatro Universitário de Braga;1
Teatro de o Universidade de o Minho;1
Teatro Independente Pronto;1
Teatro de o Estudantes de o Universidade de o Minho;1
Vendilhões de o Templo;1
Besançon;1
Woyzec;1
Complexo Pedagógico de o Castelo;1
Sala;1
Tel./Fax;1
Auditório de Bolso;1
TUM Rua de o Farto;1
Braga Cidade Digital;1
Vale de o Ave Região Digital;1
Câmara Municipal de Vila Verde;1
Associações de Desenvolvimento regional;1
Braga Digital;1
Vale de o Minho Digital;1
Vale de o Minho;1
Vale de o Lima;1
Ponte de o Lima;1
Colégio Luso Internacional de o Centro;1
RALM;1
Escola Francisco de Holanda;1
Escola Profissional de Felgueiras;1
Electrónica Industrial de o UMinho;1
Desporto e Cultura?;1
RoboParty;1
Centro de Estudos de Administração Publica;1
Redacção;1
APTA;1
departamento Informativo e Informático;1
CEAP;1
Mirandela;1
Federação Nacional de Alunos de Administração Pública;1
Lugares Estranhos;1
Região Minhota;1
aveiro;1
Ilha de o Madeira;1
Valladolid;1
S. Paulo;1
Paraty;1
Ilha Grande;1
Praça de o Alegria;1
Sé Catedral;1
Salão Medieval de o Largo de Paço;1
Gravação;1
SPRU;1
UMdicas-53-Entrevista1;1
Presidente de o Fundação Carlos Lloyd Braga;1
UMDicas-;1
UMdicas-53-Entrevista2;1
Ingleses;1
Com]Textos;1
Fabrica de Aromáticos de o Petrogal;1
Haldor-Topsøe;1
Universidade Federal de Minas Gerais;1
Universidade de Poitiers;1
XIII FUMP Festival Universitário de Música Popular;1
FITU Bracara Avgvsta Festival Internacional de Tunas Universitárias;1
Liverpool;1
Europeia de o Cultura 2008;1
Zé's Pereira's;1
@UMdicas\UMdicas-54-Entrevista1;1
@UMdicas\UMdicas-54-Entrevista2;1
Taewkondo;1
FISU;1
Remodelação de o Residências de o Campus de Azurém;1
Remodelação de o Cantinas de o Campus de Azurém;1
Remodelação de o Residência Universitária Loyd Braga;1
Braga|;1
Remodelação de o Residências de Santa Tecla -;1
UMdicas-54-Entrevista4;1
Universidade de Trás-osMontes;1
Instituto Politécnico de o Porto;1
Instituto Politécnico de Leiria;1
IPLeiria;1
norte;1
Passadiço de Azurém;1
*UMd-;1
Universidade o Passadiço;1
@UMdicas\UMdicas-56-Entrevista2;1
Less;1
Aço Corten;1
@UMdicas\UMdicas-57-Entrevista1;1
Ginásio Konceito;1
Konceito;1
Reduzo;1
@UMdicas\UMdicas-57-Entrevista2;1
Interesse Público;1
@UMdicas\UMdicas-57-Entrevista3;1
@UMdicas\UMdicas-58-Entrevista1;1
Sub-19;1
Devo-lhes;1
Marrocos;1
Centro de Formação Desportiva de o Escola de Lamaçães;1
S.B.;1
Cadete;1
UMdicas-59-Entrevista2;1
Centro de I nov aç ã o em;1
polímero;1
Parque de Ciência e Tecnologia de o Taipas;1
Ensino Superior de Moçambique;1
Escolas de o UM;1
tv Cabo;1
Bar de Eng;1
G1;1
Desportivo;1
Residência de Azurém;1
Vice-reitor de o Universidade de o Minho;1
Comenius”;1
SAMHC;1
África-Caraíbas;1
Pacífico;1
Universidade de Campinas de Santa Catarina;1
Minas Gerais;1
Pernambuco;1
Brasília;1
Stuttgart;1
Trento;1
Leiden;1
Sorbonne;1
Universidade Católica de Louvain;1
Universidade de Carnegie-Mellon;1
Universidade de Austin;1
Texas;1
Universidade de Harvard;1
Berkeley;1
Minnesota;1
Universidade de North Carolina;1
Universidade de Columbia;1
Universidade de Washington;1
Oceânia;1
Universidade de Zhejiang de o China;1
Extremo Oriente;1
Universidades chinês;1
Universidade de Tóquio;1
Shanghai Jiao Tong;1
UMdicas-61-Entrevista2.md*;1
Departamento Pedagógico de o AAUM;1
Universidades de o Norte de Portugal;1
Galegas;1
Universidade de Vigo;1
Jucata;1
Ténis de Mesa;1
Universidades de o Minho;1
Corunha;1
UMdicas-62-Entrevista2;1
Fão;1
Praça Tiananmen;1
GAQE;1
observatório;1
Wi-Fi de o Uminho;1
Universidade Autónoma de Barcelona;1
UMdicas-64-Entrevista2;1
Fermentões;1
Sérvia;1
Reabertura Oficial de o Residência Universitária de Sta Tecla;1
Inauguração de o Pavilhão Desportivo 2;1
Centro Médico de o UMinho;1
Novo Pavilhão Desportivo;1
UMdicas-64-Entrevista5;1
pa R tes i nter;1
Clientes;1
Balanced Scorecard;1
Qualidade;1
Centros com Muito Bom;1
centro com Muito Bom;1
centro com;1
faculdades;1
Muito Bom;1
Centros de o Ciências Sociais;1
Fundação Lloyd Braga;1
Universidade de Investigação;1
Associação de o Municípios de o Vale de o Ave;1
Fundação Carlos Lloyd Braga;1
Centro Novas Oportunidades;1
Centro Novas Oportunidades de o TecMinho;1
M.N.:O CNO;1
@UMdicas\UMdicas-64-Entrevista8;1
Inspector Nacional de o Desporto Universitário;1
Dortmund;1
Ministro de o Defesa Nacional;1
Venda de Galizes;1
Oliveira de o Hospital;1
UIE;1
Turim;1
Mo cidade Portuguesa;1
Inspecção Nacional de Desporto universitário;1
Ministério de o Comunicações;1
Inspecção Nacional de o Desporto Universitário;1
Unversidades;1
Braga de o Cruz;1
Estádio Universitário de Lisboa;1
Agronomia;1
Estádio Universitário;1
Centro de Medicina Escolar;1
Centro de Medicina Desportiva;1
Desporto Nacional;1
Metropolitano de Lisboa;1
presidente de o câmara Municipal de Lisboa;1
ministro de o Defesa;1
Ministrério;1
governo;1
Franco Nogueira;1
Estudos Interculturais Português;1
Acompanhamento;1
Embaixada de o China;1
Xue Han Zi;1
Escolas Secundárias;1
Maryland;1
South Florida;1
Universidade de Bogotá;1
Colômbia;1
Instituto Confúcio de o UMinho;1
V.N. de Famalicão;1
Ministério de o Educação Chinês;1
Japonês;1
Museu de o Oriente;1
@UMdicas\UMdicas-65-Entrevista3;1
Universidade de Minho;1
Hospital de o Universidade de Coimbra;1
Depósito de Teses;1
UMdicas-65-Entrevista4;1
ESECG;1
São José de São Lázaro;1
Emirados Árabes Unidos;1
Syria;1
Bahrein;1
Lisboeta;1
L.G.;1
Bragaparque;1
Uminho de couch-surfer?;1
UMdicas-66-Entrevista1;1
Umdicas;1
UMdicas-66-Entrevista2;1
UMdicas-67-Entrevista1.md*;1
UMdicas-68-Entrevista1;1
ULisboa;1
Hotel Tivoli Marina;1
UMdicas-68-Entrevista2;1
Citius;1
Altius;1
Fortius;1
Ministério de Ciência;1
Alimentação;1
Apoio Psicológico e Fisiatria;1
Cantinas de o SASUM;1
po;1
Grill de Gualtar;1
Feira de Emprego e University Fashion;1
Instituto de Nanotecnologia;1
Bar de o CP1;1
Bar de o CP2;1
Bar de o Residências de Santa Tecla;1
Cantina de Santa Tecla;1
Complexo de A z u r;1
Ba;1
Bar Engenharia II;1
Bar de o Residências;1
Snack-Bar Congregados;1
UMdicas-71-Entrevista2.md*;1
Observatório;1
UMdicas-71-Entrevista4;1
Instituto Nacional de Propriedade Industrial;1
@UMdicas\UMdicas-72-Entrevista1;1
Bar 4;1
Região de o Minho;1
Bute;1
UMdicas-73-Entrevista1.md;1
@UMdicas\UMdicas-73-Entrevista2;1
Engenharia Biológica de o Universidade de o Minho;1
Biológica;1
MonteAdriano;1
universidade de Lasi;1
UMdicas-74-Entrevista2;1
@UMdicas\UMdicas-74-Entrevista3;1
europeu;1
pa r tici paç;1
Casino de Espinho;1
NEEB;1
Engenheiro Biológico;1
UMdicas-74_-Entrevista1;1
Engenharia de Azurém;1
@UMdicas\UMdicas-75-Entrevista1;1
Centro de o Cidade de Braga;1
São Domingos;1
Higiene Pessoal;1
Unidades Orgânicas e Serviços;1
José Saavedra;1
Requisição;1
UMdicas-77-Entrevista2;1
Açoriano;1
Sete Cidades;1
@UMdicas\UMdicas-77-Entrevista3;1
Luís Rodrigues;1
prevês;1
UMdicas-77-Entrevista4;1
Zés Pereiras;1
@UMdicas\UMdicas-78-Entrevista1;1
Alimentar Cantina;1
Médico de o Trabalho;1
Pólo de Guimarães;1
Serviços;1
Rua José Falcão;1
Universidades Coreanas;1
Americanas;1
Alimentar Cantina de Sta Tecla-;1
Residencial de Santa Tecla;1
UMdicas-79-Entrevista2;1
Carlos Vieira;1
Despor;1
NITERUM;1
Cartório Notarial de Braga;1
Secretária;1
Tesoureiro;1
UMdicas-80-Entrevista1;1
Universidade a Cantina;1
Biblioteca Salgado Zenha;1
Faculdades de o Pais;1
Escolas de o nosso Universidade;1
magistratura;1
Notariado;1
Ciências Criminais;1
Mediação Penal;1
Churrascão;1
@UMdicas\UMdicas-81-Entrevista1;1
Bar de Engenharia;1
UMdicas-81-Entrevista2;1
@UMdicas\UMdicas-81-Entrevista3;1
Vice-Reitor;1
Investigação e Desenvolvimento;1
Instituto de Biosustentabilidade e Construção;1
Engenharia Civil por o Faculdade de Engenharia de o Universidade de o Porto;1
Departamento Autónomo de Arquitectura;1
Po dem;1
Bar de o Escola de Ciências de o Saúde;1
Mica;1
Curriculum Vitae;1
Feira de Emprego e Empreendedorismo;1
Feira de o Emprego;1
Azúrem;1
Feira de o Empreendedorismo;1
Centro de Ciências e Tecnologia;1
feira;1
Feira;1
Feira de o Empreendedorismo e de o Empregabilidade;1
administração Pública de o UMinho;1
área despor ti v o;1
Vice-Reitor de o UMinho;1
Investigação e Ensino;1
Biblioteca Geral;1
fórum UMinho;1
Laboratório;1
@UMdicas\UMdicas-83-Entrevista3.md;1
Universidade de Toulouse;1
Mediação Literária e Cultural;1
Tradução e Comunicação Mltilingue;1
Línguas e Culturas Eslavas;1
Centro de Línguas;1
Letras;1
Artes Performativas;1
@UMdicas\UMdicas-83-Entrevista4;1
Luzia Carmo;1
UMdicas-84-Entrevista1;1
Residência Universitária de Azurém;1
Despor tivo e Cultural;1
Anfiteatro Natural de o campus de Gualtar;1
Acolhimento;1
@UMdicas\UMdicas-84-Entrevista3;1
Instituto de Ciências Biomédicas de Abel Salazar;1
UMdicas-84-Entrevista4;1
Orquestra de o UMinho;1
Estaleiro Cultural Velha-a-Branca;1
Feira de o Livro;1
Outono;1
Bar de o Residências de Azurém;1
Bar de o Residência de Azurém;1
Cristina Sousa;1
Gestão Industrial;1
UMdicas-85-Entrevista4;1
Pedro Soares;1
tesoureiro;1
pr;1
Ministério delibere;1
Governo Civil de Braga;1
pa rcer;1
Universidade Norte- Americana;1
Fundação Calouste Gulbenkian;1
Escolas Médicas;1
Columbia;1
Instituto de Investigação;1
Centro Clínico Académico;1
Hospital de Braga Grupo Escala Braga;1
Nanomedicina;1
Clínica;1
Residências Hospitalares;1
Centros de Saúde;1
presidente de o Escola;1
UMdicas-86-Entrevista1;1
Universidade Inclusiva;1
SIGA- QUM;1
Universidade de investigação;1
GPI;1
UMdicas-86-Entrevista2.md;1
Mesa Redonda;1
UMdicas-87-Entrevista1;1
UMdicas-87-Entrevista2;1
Univ;1
de Lisboa;1
Universidade de South Carolina;1
Orçamento de Estado;1
@UMdicas\UMdicas-87-Entrevista4;1
Ministério de o Ciência Tecnologia e Ensino Superior;1
Complexos Desportivos de Azurém;1
Sala de Desporto de o Congregados;1
Futsal Braga 2012;1
@UMdicas\UMdicas-87-Entrevista5;1
AP;1
Nova;1
UMdicas-88-Entrevista1;1
armazém de Azurém;1
@UMdicas\UMdicas-88-Entrevista2;1
Sítios;1
Portais de o UMinho;1
UMdicas-88-Entrevista3;1
Centro Multimedia;1
UMdicas-89-Entrevista1;1
Nasci;1
SCBraga;1
Mariana;1
Beneficiarão;1
@UMdicas\UMdicas-89-Entrevista3;1
CECS;1
Centro de Investigação em Ciências Sociais;1
Centro de Investigação Transdisciplinar Cultura;1
Ciências Sociais de o Universidade de o Minho;1
RU;1
XIV Governo Constitucional;1
Plenário de o Conselho Geral;1
Fundação Serralves;1
Instituto de Navegabilidade de o Douro;1
UMdicas-90-Entrevista4;1
Festa de Carnaval;1
Encontro AEESECG;1
Gabinete Pedagógico;1
Engenheira Celeste;1
@UMdicas\UMdicas-91-Entrevista3;1
Capitais Europeias de o Juventude;1
@UMdicas\UMdicas-91-Entrevista4;1
Psicologia de o Desenvolvimento;1
pa ra;1
Centro de Apoio a o Ensino;1
Área de Especialização em Tecnologia Educativa;1
ELE;1
República de o Maldivas;1
UMdicas-92-Entrevista1;1
Raquel Machado;1
Lurdes Rodrigues;1
Laborar;1
@UMdicas\UMdicas-92-Entrevista2;1
Spinoffs;1
tec nolog;1
Restaurante Panorâmico de o Universidade de o Minho;1
Restaurante Panorâmico de o UMinho;1
Panorâmico;1
Hotelaria;1
UMdicas-93-Entrevista2;1
Direito;1
Universidade de o Corunha;1
Instituto Politécnico de o Cávado;1
Ave;1
@UMdicas\UMdicas-93-Entrevista3;1
Docente de o Departamento de Produção e Sistemas de o Escola de Engenharia;1
Campus Gualtar;1
Sextas Feiras;1
UMdicas-94-Entrevista2;1
Administrativo;1
Parque de o Veículos de o S;1
Imobilizado;1
Complexos Desportivos;1
Campi e;1
Cidades de Braga;1
UMdicas-95-Entrevista1;1
Bar de o Associação;1
Insólito;1
Centro Internacional de o Estudo de Desportos;1
Alvalade;1
Ostrava;1
DECIDIR;1
Laboratório Associado;1
Instituto de Ciências de o Vida;1
Biblioteca Central;1
Laboratório Ibérico de Nanotecnologia;1
Conselho Geral de o Fundação Cidade de Guimarães;1
SASUM Rampa B;1
Rampa B de o;1
Presidências;1
Pintar;1
Laboratório de Qualidade;1
IST-Lisboa;1
Alasca;1
Hofbräuhaus;1
@UMdicas\UMdicas-97-Entrevista3.md;1
Sitar;1
@UMdicas\UMdicas-98-Entrevista1.md;1
Carandá;1
Kazan;1
Desporto de Alta competição;1
Fukuoka’95;1
Galícia;1
Lugo;1
Canoagem;1
Kayak-Polo;1
Orientação;1
Alpes Franceses;1
Triatlo;1
Alfândega de o Fé;1
Canada;1
Ribadesella;1
DevScope;1
@UMdicas\UMdicas-98-Entrevista3;1
Euro-região;1
Ministro de o Educação e ciência;1
Mestrado InQuais;1
Know-how;1
Espetaculo;1
Cirque du Soleil;1
Restaurante Portucale;1
Rijeka;1
UMdicas-99-Entrevista1.md*;1
Entrevista Miguel Sarmento;1
Chipre;1
XICO;1
@UMdicas\UMdicas-99-Entrevista2;1
Universidade novo;1
Desporto de o UM;1
AHAHAHAHAH;1
UMdicas-99-Entrevista3;1
Campus de Gual;1
Empreendedoristica;1
mo;1
Capitais Europeias de o Cultura;1
BG;1
Teatro;1
Geologia;1
