ORG;Oco
AAUM;578
ComUM;176
Academia;167
Associação Académica;141
Conselho Geral;125
Associação Académica de o Universidade de o Minho;76
CFJ;72
Departamento Alimentar;64
Departamento;63
CG;57
Tuna;57
Licenciatura;52
UMinho?;51
serviço;48
DAF;48
TUM;46
RUM;44
Academia?;42
Serviços de Acção Social;39
Conselho Cultural;39
Bomboémia;38
TUTORUM;38
AAEUM;36
Bosch;35
SAS;35
GSI;35
EUSA;34
Universidade?;33
Serviços de Acção Social de o Universidade de o Minho;33
FCT;32
ISO;32
Serviços;31
AAUM?;31
Escola de Engenharia;30
Azeituna;30
Provedor de o Estudante;30
Gatuna;29
Serviços de Ação Social;28
Taekwondo;28
ICS;28
Reitoria;27
Ordem;26
GMP;26
ECS;26
Conselho Fiscal e Jurisdicional;25
ILCH;24
FISU;24
SDUM;24
Tuna Universitária de o Minho;23
Escola de Economia e Gestão;23
Escola;23
Desporto Universitário;23
Comunidade Académica;23
Academia Minhota;22
União Europeia;22
Departamento Alimentar?;22
Engenharia;21
ABC;21
Escola de Ciências de o Saúde;21
Relações Internacionais;20
RJIES;19
Centro de Informática;19
FADU;19
Departamento de Apoio Social;19
Associação académica de o Universidade de o Minho;18
Departamento de Informática;18
*Clube de o coração?;18
GRI;18
RGA;17
Campeonatos Nacionais Universitários;17
Escola de Medicina;16
Juventude;16
Escola de Direito;16
Escola de Ciências;16
Grupo de Música Popular;16
Gestão;16
LCC;16
Provedor;16
Alumni;16
Ordem Profética;16
FITU;15
Comissão Eleitoral;15
associação Académica;14
Comissão Europeia;14
Associação;14
Serviços Académicos;14
Empresa;14
OE;14
Comité Organizador;14
Braga;13
ESE;13
Conselho;13
U.M.;13
ESA;13
Federação Portuguesa de Futebol;12
CRUP;12
Federação Académica de o Desporto Universitário;12
Fundo Social de Emergência;12
ESN;12
Betweien;12
Departamento Desportivo;12
ESI;12
Estatutos;12
ComUM Online;11
Serviços de Ação Social de o Universidade de o Minho;11
ADAUM;11
Grupos Culturais;11
FEUP;11
CI;11
Europeu Universitário;11
GFUM;11
Gestão Industrial;10
Conselho Geral de o UMinho;10
CAUM;10
Departamento Social;10
direito;10
Grupo de Poesia;10
Instituições de Ensino Superior;10
INL;10
conselho;10
CNU;10
CC;10
AF;10
CNO;10
IC;10
Google;9
EEUM;9
Cruz Vermelha;9
Escola de Psicologia;9
Departamento Desportivo e Cultural;9
ASPA;9
Europeu;9
UE;9
Departamento Administrativo;9
Eng;9
Grupo;9
OPUM DEI;9
Universiadas;9
Serviços de Documentação;9
Comissões Especializadas;9
Namge;9
NITERUM;9
PRR;8
Fundação para a Ciência;8
Escola Superior de Enfermagem;8
Conselho Geral de o Universidade de o Minho;8
Direito;8
Escola de Enfermagem;8
Conselho de Gestão;8
Unidades Orgânicas;8
A3ES;8
Andebol;8
Financeiro;8
Setor de Recursos Humanos;8
FUMP;8
Basquetebol;8
Reitoria?;8
FPF;8
Departamento Contabilístico e Financeiro;8
Universidade de Yôga;8
AR;8
UMIC;8
BG;8
Grupo de Fados e Serenatas de o Universidade de o Minho;7
Andy Student Living;7
Marinha;7
Estado Novo;7
SNESup;7
Associação Recreativa e Cultural Universitária de o Minho;7
Gabinete de Apoio;7
Engenharia de Sistemas e Informática;7
Cortejo Académico;7
de o Weasel;7
Companhia de Jesus;7
Comissão;7
INESC;7
Capital Europeia de o Cultura;7
Agência de Avaliação e acreditação de o Ensino Superior;7
Sucesso Desportivo;7
Gabinete de o Empreendedor;7
Escola de Arquitetura;7
Tuna de Medicina de o Universidade de o Minho;7
Departamento Administrativo e Financeiro;7
MIT;7
Conselho Cultural de o Universidade de o Minho;7
Conselho Geral de o Universidade;7
Gabinete de o Administrador;7
Departamento Alimentar de o SASUM;7
Ordem Profética de o Universidade de o Minho;7
Núcleo;7
Dep;7
RR;7
TA;7
Educação Física;6
Regime Jurídico de o Instituições de Ensino Superior;6
Fundo de Apoio Social;6
Assembleia de o República;6
MIA;6
EPsi;6
associação académica de o Universidade de o Minho;6
Escola de Letras;6
ELACH;6
RTP;6
Jesuítas;6
Electrónica;6
Economia;6
Comissão Instaladora;6
IEC;6
Núcleo de Informática;6
IBM;6
empreendedorismo;6
Federação Académica de Desporto Universitário;6
Gabinete de Sistemas de Informação;6
serviços;6
DMA;6
Marketing;6
Departamentos;6
CG?;6
Conselho de Ética;6
UBI;6
Amazon;6
Departamento de Desporto e Cultura;6
DAS;6
Unidade;6
Tutorum?;6
Comissão de Residentes;6
LUF;6
Assembleia Estatutária;6
Altice Forum Braga;5
Tuna de Engenharia de o Universidade de o Minho;5
Escola de Medicina de o Universidade de o Minho;5
CPLP;5
DGES;5
Reitoria de o Universidade de o Minho;5
Ação Social Escolar;5
Congregados;5
André Igreja;5
Artes e Ciências Humanas;5
Ordem de o Advogados;5
Podia;5
Academia Minhota?;5
25 de Abril;5
Universidade;5
Recursos Humanos;5
Instituto de Design;5
Capital Europeia de o Juventude;5
Comité Olímpico de Portugal;5
CNU’s;5
GAP;5
LESI;5
Sistemas de Informação;5
Segurança Alimentar;5
Departamento?;5
Tribunal de contas;5
Alojamento;5
Liga Portuguesa de Futebol Profissional;5
Sporting Clube de Braga;5
Rolls-Royce;5
Departamento de Desporto e Cultura de o SASUM;5
Mestrado Integrado;5
DISPLR;5
Associação de Andebol de Braga;5
Associação?;5
grupo;5
Engenharia e Gestão Industrial;5
UM;5
Microsoft;5
Tuna Feminina;5
Momentmum;5
Fórum de Ética UMinho;5
Gabinete de Relações Internacionais;5
Conselho Estratégico;5
NECLUM?;5
European University Association;5
Sistema de Gestão de o Qualidade;5
Gestão Estratégica;5
Instituto;5
Bar?;5
Tuna de Ciências de o Universidade de o Minho;4
Associação Académica de Coimbra;4
| ComUM Online;4
Engenharia Biomédica;4
Conselho Fiscal e;4
Instagram;4
Sindicato Nacional de o Ensino Superior;4
FCT Tenure;4
Economia e Gestão;4
Engenharia de Telecomunicações e Informática;4
Consórcio UNorte.pt;4
Coro Académico de o Universidade de o Minho;4
OA;4
CNED;4
European University Sports Association;4
ISCTE;4
Estatutos de o Universidade de o Minho;4
Conselho de Curadores;4
Centro de Estudos Lusíadas;4
Comissão de Ética;4
25 de abril;4
25 de abril de 1974;4
Escola Industrial;4
Departamento  de Informática;4
Azeituna?;4
Federação Portuguesa de Taekwondo;4
Sénior;4
Seleção Nacional Universitária;4
ONU;4
Gabinete de Inserção Profissional;4
Associação Académica?;4
Serviços de Documentação de o Universidade de o Minho;4
TMUM?;4
CIBE;4
Setor de Alojamento;4
Mestrado Integrado em;4
SHSA;4
Sistema Interno de Garantia de o Qualidade;4
Fundação para a Ciência e Tecnologia;4
Fundo Social de emergência;4
Comissão Permanente;4
Escolas e Institutos;4
AAEUM?;4
Taekwondo?;4
Tuna Académica Feminina de o Universidade de o Minho;4
Tun’ao Minho;4
Nike;4
Grupo Folclórico de o Universidade de o Minho;4
Instituto Europeu de Excelência em Engenharia de Tecidos e Medicina Regenerativa;4
Gabinete de Apoio a o Empreendedorismo;4
FAP;4
Governo?;4
Lions Clube de Braga;4
Fundação?;4
Fundação;4
Licenciatura em Arqueologia;4
Capital Verde Europeia;4
APOGESD;4
Gabinete de o Provedor de o Estudante;4
Sociedade Portuguesa de Biomecânica;4
Engenharia Mecânica;4
COAR;4
UC’s;4
APCER;4
MBA;4
Universidade Mais Ativa de o Europa;4
Plano;4
Divisão;4
AAUBI;4
Divisão de Apoio a o Bem-Estar de o Estudante;4
CT;4
Departamento de Apoio;4
DAA;4
EMUM;4
Grupo de Música Popular de o Universidade de o Minho;4
Rádio;4
Comité Executivo de o FISU;4
Núcleo de Estudos de Engenharia Biológica;4
Gabinete de Comunicação, Informação e Imagem;4
Direcção Geral de o Ensino Superior;4
Caixa Geral de Aposentações;4
HACCP;4
FISEC;4
Directora;4
Associação de Estudantes de o Escola Superior de Enfermagem Calouste Gulbenkian;4
Escola de enfermagem;4
AEESECG?;4
Desportivo;4
SA;4
Europeu Universitário de Taekwondo;4
Responsável de o Unidade;4
GF;4
UEFA;4
Tuna de Medicina de o Porto;3
P;3
Núcleo de Estudantes de Medicina de o Universidade de o Minho;3
Coro Académico de o UMinho;3
ERC;3
I3B’s;3
Engenharia Civil;3
Estudantes de o UMinho;3
AAUMinho;3
Associação de Debates Académicos de o Universidade de o Minho;3
Minho Investiment Association;3
Fábrica Confiança;3
Escola de psicologia;3
Plano de Atividades;3
Conselho Fiscal;3
Escola de Direito de o Universidade de o Minho;3
PREVPAP;3
Conselho de Reitores de o Universidades Portuguesas;3
Associação Recreativa e Cultural de o Universidade de o Minho;3
Departamento de Química;3
OCDE;3
Conselho de Reitores;3
CCG;3
UP;3
Times Higher Education;3
CEB;3
Deloitte;3
CEHUM;3
Engenharia Têxtil;3
Conselho de Gestão de o Universidade;3
Associação Europeia de o Desporto Universitário;3
TSF;3
Orquestra de o Universidade de o Minho;3
Academia Europeia de Optometria e Ótica;3
estudante;3
TIMES;3
PS;3
Europeu de Andebol;3
Orquestra Académica de o UMinho;3
Partido Socialista;3
CELTA;3
Conselho Disciplinar;3
Congresso Internacional de Casos docente em Marketing Público;3
Bamboo;3
Liceu;3
Companhia;3
Ciências Sociais;3
Electrónica Industrial;3
Informática;3
Pax;3
Serviços Médico Sociais;3
Instituto Superior Técnico de Lisboa;3
Benfica;3
Departamento de Infomática;3
Relações Internacionais?;3
*Consideras;3
Campeão Nacional Sénior;3
Departamento de Engenharia Civil;3
AUMEA;3
Seleção Nacional;3
Setor Alimentar;3
Setor;3
Gestão Desportiva;3
Departamento Administrativo e financeiro de o SASUM;3
POCI;3
Espirito;3
Regime Jurídico de o Instituições de o Ensino Superior;3
OMC;3
Missão;3
Magister;3
setor;3
Comissão de Curso;3
Conselho Pedagógico;3
Departamento de Matemática e Aplicações;3
SRH;3
LMCC;3
Departamento de Engenharia Biológica;3
*Clube de o Coração?;3
Segurança Alimentar de o SASUM;3
SGQ;3
Fundo;3
Diretora de o Departamento Alimentar;3
FCPorto;3
Óquei Clube de Barcelos;3
Conselho Cultural de o UMinho;3
Conselho de o Cultura Galega;3
Augustuna?;3
Justiça;3
Coordenadora Técnica;3
Digital Brand Manager;3
Nike Football;3
Rugby;3
Gestão de Sistemas de Informação;3
Educação Empreendedora;3
Departamento de Produção e Sistemas;3
Grupo Folclórico de o UMinho;3
Atividades Desportivas;3
ALUMNI;3
European Research Council;3
Instituto?;3
Equipa de Segurança Alimentar;3
Vice-Presidente de o Departamento Desportivo;3
EUSA Games;3
Gabinete de Apoio a o Ensino;3
Internacional;3
Assistente;3
Sporting Clube de Portugal;3
Universidade de Reading;3
Carta Desportiva;3
Plano de Investimentos;3
consórcio UNorte.pt;3
Organização;3
Grupo de Poesia de o Universidade de o Minho;3
Grupo Folclórico;3
ACADEMIA;3
Lions;3
Licenciatura em Arqueologia de o UM;3
Unidade Orgânica;3
Conselho de o Europa;3
serviços?;3
MIEBIOM;3
Associação de Percussão Universitária de o Minho;3
Atividade Física;3
futsal e Futebol de Praia;3
Futebol Clube de Gaia;3
Conselho de Acção Social;3
Unidade de Serviços de o Universidade de o Minho;3
Conselhos Pedagógicos;3
Bar Académico;3
Escola Doutoral;3
DGS;3
Estatutos de o Universidade;3
PT;3
Etica;3
Comissões;3
Fórum Ética;3
Fórum Ética UMinho;3
AAUMinho?;3
Instituição;3
Cruz Vermelha Portuguesa;3
Rádio Universitária;3
CNU's;3
Tradição Académica;3
Braga Digital;3
Acção Social;3
inter;3
Direito de o Universidade de o Minho;3
Selecção Nacional;3
ELSA Internacional;3
Unidade de Psicologia de o Desporto;3
Departamento de Psicologia;3
Bolsa de Emprego;3
Festival Internacional de Coros de S. Lourenço;3
Residência de o Combatentes;3
CGD;3
RIAPA;3
Departamento Pedagógico?;3
Gabinete de Sistemas de Informação de o Universidade de o Minho;3
Administração Pública;3
Licenciatura em Línguas e Culturas Orientais;3
Vice-Presidente de o Departamento Desportivo de o AAUMinho;3
Certificação de Qualidade;3
Campi?;3
Agência;3
Programa de Acção;3
Associação de estudante;3
Assessoria Jurídica;3
Engenharia Eletrónica;2
IPDJ;2
Mesa de o Reunião Geral de Alunos;2
RGA?;2
Engenharia e Gestão de Sistemas de Informação;2
Comunidade de o Países de Língua Portuguesa;2
Materiais;2
Optometria e Ciências de o Visão;2
Covid-19;2
Renascença;2
Associativismo Estudantil;2
Conselho de Escolas Médicas Portuguesas;2
Escola de Psicologia de o Universidade de o Minho;2
Ministra de o Ciência, Tecnologia e Ensino Superior;2
Instituto Universitário de Évora;2
Instituto Politécnico de Leiria;2
Centro de Estudos Humanísticos de o Universidade de o Minho;2
Programa de Apoio Informático;2
Mérito Desportivo;2
Instituto de Design de Guimarães;2
Celeste Pereira;2
Letras;2
Delegação de Braga de o Cruz Vermelha Portuguesa;2
UMinho Editora;2
Escola de Arquitetura de o Universidade de o Minho;2
Universidade Portas Abertas;2
UPA;2
Engenharia Electrónica;2
fibrenamics;2
IPB;2
Comissão Instaladora de o Universidade;2
Assembleia Geral;2
Associação de Estudantes de Direito de o Universidade de o Minho;2
Conselho Nacional de Estudantes de Direito;2
Afonsino;2
EAOO;2
Línguas Aplicadas;2
Lusa;2
IRS;2
Departamento de Geografia;2
Provedor de o Estudante de o Universidade de o Minho;2
GNR;2
Associações Académicas Portuguesas;2
Comissão de Trabalhadores de o UMinho;2
Escola de Engenharia de o UMinho;2
Departamento de Eletrónica Industrial;2
Comissão de Trabalhadores;2
Cortejo Académico de o Universidade de o Minho;2
EC’s;2
De o Weasel;2
Escola de Medicina de o UMinho;2
Erasmus Student Network Minho;2
Línguas e Literaturas Europeias;2
Combatentes;2
Tuna Feminina de Engenharia de o Universidade de o Minho;2
Spotify;2
Tuna Mista;2
União Soviética;2
Associação de Psicologia de o Universidade de o Minho;2
ACE;2
Núcleo de Estudantes de Marketing;2
Alfredo Sanzol;2
Livia> *;2
IA</area;2
o Beatles;2
British Council;2
o’Casey;2
PIDE;2
Brigadas Vermelhas;2
Centros de Informática;2
Companhia de  Jesus;2
Licenciatura em Filosofia;2
Comissão Pedagógico;2
Relações  Internacionais;2
Unidade Científico Pedagógica de o Ciências Sociais;2
Unidade de o Ciência Sociais;2
Unidade de o Ciências Sociais;2
Escola de Economia e;2
Cursos de Ciências;2
Produção Têxtil;2
Electrónica  Industrial;2
psicologia;2
Sistemas;2
Comissão   directiva de o Centro de Informática;2
Banco de Portugal;2
Concorri;2
Exército;2
IAP;2
Orlando;2
Paulo;2
Departamento de Matemática;2
IMAC;2
Club Naval;2
Regimento de Infantaria;2
Associação  Académica;2
Ordem de o Engenheiros;2
Centro Clínico Académico;2
Troika;2
CNJ;2
Conselho Nacional de o Desporto;2
Infraestrutura;2
escola e Institutos;2
SRI;2
Agência UM;2
Ambiente;2
Economia e de o;2
Federação Internacional de Desporto Universitário;2
Departamento Financeiro;2
Coordenador Técnico Desportivo;2
CGS;2
Agência Canadiana;2
Universitário;2
Nações Unidas;2
Direção de o AAUM?;2
associação?;2
Campeonatos Nacionais Universitários Individuais Concentrados;2
Gabinete de o Voluntário;2
Spin-Off Académico de o Universidade de o Minho;2
Certificação de o Qualidade;2
ASE;2
Comissão de curso;2
Wannabe;2
Medicina de o Trabalho;2
Licenciatura em Ciências de o Computação;2
Setor de Apoio clínico;2
Escola de Engenharia de o Universidade de o Minho;2
Departamento de Engenharia Têxtil;2
MIT Portugal;2
Europeia de Desporto Universitário;2
OCV;2
Departamento de Física;2
Institutos Politécnicos;2
LEB;2
IPSS’s de Braga;2
andebol;2
Licenciatura em Economia?;2
Óquei;2
Conselho Cultural?;2
Academia de Música de Viana de o Castelo;2
Serviço;2
Jethro Tull;2
SpinPark;2
B.A.;2
Campeão Europeu Universitário;2
Europeu de Sub-21;2
CTT;2
Europeus Universitários;2
SIC;2
Conselho de Ministros;2
BETWEIEN;2
Grupo?;2
INEF;2
Gestão Técnica e Desportiva;2
Departamento Desportivo e Cultural de o SASUM;2
Centros;2
CCP;2
Ensino e Investigação;2
Departamento de Eng;2
Material;2
IPC;2
I3N;2
CF;2
Sector de Contabilidade e Gestão de Stocks de o SASUM;2
Universidade Lusíada;2
CADAP;2
DGO;2
Direcção Geral de o Orçamento;2
ANCP;2
Comissão Diretiva de o Curso;2
UC;2
Soluções e Inovação;2
comité;2
Atividades Económicas e Cooperação;2
Cidade?;2
UNESCO;2
Administrador de o Serviços de Acção Social de o Universidade de o Minho;2
NP EN ISO;2
Associação de Estudantes;2
Biotério;2
UNorte?;2
consórcio;2
UNorte.pt;2
Consórcio;2
Gestão de empresa;2
Licenciatura em Economia de o UMinho;2
Opum Dei;2
Queen;2
Clube;2
Ingressei;2
Campeão Nacional Universitário;2
Academia de Ginástica;2
Unesco;2
Universidade de o Nações Unidas;2
Licenciatura em Biologia Aplicada;2
Unidade de Arqueologia;2
Licenciatura em Gestão;2
Licenciatura em Relações Internacionais;2
Licenciatura em Relações Internacionais?;2
Europeu Universitário de Basquetebol;2
Federação Internacional de Pentatlo Moderno;2
Plano Estratégico;2
Plano Estratégico de o UMinho;2
Conselho de Escola;2
Associação Portuguesa de Gestão de Desporto;2
Academia de Ginástica Desportiva;2
Autarquia?;2
Gabinete de o Provedor;2
Casas de o Conhecimento;2
Saúde e Bem-estar;2
Carta Desportiva de Braga;2
CMB;2
Departamento de Engenharia Mecânica;2
Comunidade Académica?;2
América Latina;2
Licenciatura em Estatística Aplicada;2
NEEUM;2
Licenciatura em Estatística Aplicada?;2
Eventos;2
FC de Gaia;2
Escola como âncora;2
FC Gaia;2
Comité Executivo de o Federação Internacional de Desporto Universitário;2
Comité Executivo de o UEFA;2
Comité de futsal;2
Gorkas;2
Informática de Gestão;2
Unidades Orgânicas de Ensino e de Investigação;2
Estatuto;2
Parlamento Europeu;2
Departamento de Filosofia;2
Instituição de Ensino Superior;2
SNS;2
Transferência de Tecnologia;2
Conselho Nacional de o Juventude;2
Unidades de Serviços;2
Europeu Universitário de Futsal;2
Academia Bosch-UMinho;2
ODS;2
Plano Estratégico de Sustentabilidade;2
Assuntos Estudantis e Inovação Pedagógica;2
Academia de o Minho;2
Departamento de Engenharia Têxtil de o Escola de Engenharia de o UMinho;2
Comunidade;2
COVID;2
Assembleias de Delegados;2
Comissão Pedagógica de o senado;2
Comissão Externa de Acompanhamento;2
Gatuna?;2
Departamento de Ciências de o Comunicação de o Instituto de Ciências Sociais de o Universidade de o Minho;2
Setor de o Tesouraria;2
Serviços de Acção Social de o UMinho;2
Juniores;2
Federação Internacional de o Desporto Universitário;2
Literatuna;2
Comissão de Ética de o UMinho;2
Bandeira de o Ética;2
contabilidade;2
provedora de o estudante;2
Provedor de o Estudante?;2
aAUMinho?;2
Aliança;2
Comissão Organizadora;2
Comissão Executiva;2
@uminhosports;2
Divisão Alimentar;2
CVP;2
Creche;2
Órgãos de Representação Estudantil de o Academia;2
SIS;2
OPUM DEI?;2
Divisão de Fiscalização;2
Manutenção e Segurança;2
Grupo de Fados;2
Orquestra de Cordofones Tradicionais de Braga;2
VSC;2
Complexo Desportivo Universitário;2
Católicas;2
Swásthya;2
RUM?;2
Label;2
Comissões de Praxe;2
Sistema de Informação;2
Universidades Portuguesas;2
Investigação?;2
Química;2
Assembleia;2
U.M.?;2
Hóquei;2
vitória de Guimarães;2
Quinas;2
Universidades?;2
Tuna?;2
Grupos;2
Licenciatura em Engenharia;2
European Law Students Association;2
Actividades Académicas;2
Académicas;2
Comissão de Residentes?;2
Psicologia de o Desporto;2
Área de Psicologia de o Desporto;2
Medicina de o Universidade de o Minho;2
TUBRA;2
Direcção;2
Rede;2
Fête des Nations;2
RTP1;2
Direcção Geral de Ensino Superior;2
Liga;2
UMD;2
IPP;2
FDO e Feliz;2
Federação Portuguesa de Badminton;2
FPB;2
Vitoria S.C.;2
Selecção;2
Universidade sem Muros;2
Conselho Académico;2
Mestrado de Sistemas de Informação de o UMinho;2
IEP;2
Reitoria de o UM;2
Administrador de o Serviços de Acção Social;2
Pavilhão Desportivo;2
European Universities Association;2
Times;2
Orienta-te;2
Núcleos de Estudantes;2
Alumni medicina;2
Universitat Autònoma de Barcelona;2
Instituto de Estudos de o Criança;2
Qualidade e Segurança Alimentar;2
RVCC;2
Gestão Estratégica de o Universidade de o Minho;2
Desporto;2
Conselho de Acompanhamento;2
conselho Directivo;2
Secretário Executivo;2
Directora de o Instituto Confúcio;2
Fundação para o Computação Científica Nacional;2
Universidade Aberta;2
Webometrics Ranking of World Universities;2
Google Scholar;2
Associação de Estudantes de o Escola Superior de Enfermagem Calouste Gulbenkian?;2
Psicologia Desportiva;2
LPFP;2
CNU de Ar Livre;2
CNU de Pista Coberta;2
Norma ISO;2
Apoio Médico e Psicológico;2
Actividades Desportivas e Culturais;2
Departamento de Saídas Profissionais?;2
Fundação para Ciência e Tecnologia;2
Alojamento?;2
Grupo de Poesia e;2
ARCUM?;2
Associação Europeia de Estudantes de Direito;2
Sector de Bolsas;2
ED;2
Departamento Recreativo;2
Escola de Arquitectura;2
Escola de Arquitectura?;2
SB;2
Departamento de Saídas Profissionais e Empreendedorismo;2
Actividades Desportivas;2
Unidades Orgânicas de Ensino e Investigação;2
instituição;2
serviço para o Garantia de o Qualidade;2
Comissão de Acompanhamento;2
l iaç;2
Guimarães Capital Europeia de o Cultura 2012;2
FMI;2
SEG;2
IPCA;2
Licenciatura em Estudos Portugueses;2
Andebol Masculino;2
Restaurante Panorâmico?;2
Provedor de Estudante;2
BBC;2
Gestão de Desporto;2
*Clube?;2
Departamento Comercial de o Companhia de Eletricidade de Macau;2
Mestrado Integrado Engenharia;2
Microsoft Portugal;2
Grupo Aventura de o UM;2
Festival Internacional de Tunas Universitárias;1
Tuna de Ciências e Tecnologia de o Universidade Nova de Lisboa;1
Tuna Universitária de Aveiro;1
Tuna Peritos Malaga;1
Grupo de Jograis Universitários de o Minho;1
Ticketline;1
Associação Académica de o Universidade de Évora;1
Academia de o Força Aérea;1
AFA;1
Associação de Estudantes Instituto Superior de Contabilidade e Administração de Coimbra;1
@ComUM\artigo_100.md*;1
Conselho de;1
conselho geral;1
estudante de medicina;1
Estudantes de Medicina de o UMinho;1
Altice Fórum Braga;1
Associação Anti-bullying com Crianças e Jovens;1
Brain & Behavior Research Foundation;1
Instituto Neurospin;1
grupo I3B;1
Conselho Europeu de Investigação;1
Instituto de Investigação em Biomateriais;1
BioCHIPS;1
Sociedade Americana de Ergonomia;1
Sociedade Americana de Ergonomia e Fatores Humanos;1
Escolas de Engenharia;1
Ergonomics in Design;1
NASA;1
General Motors;1
Conselho de Ação Social de o Universidade de o Minho;1
Ação Social Escolar em o Ensino Superior;1
Núcleo de Estudantes de Medicina;1
Criminologia e Justiça Criminal;1
Ordem de o Psicólogos Portugueses;1
REJIES;1
Gabinete de Comunicação, Informação e Imagem de o UM;1
Optometria;1
@ComUM\artigo_117.md*;1
Proteção Civil e Gestão de o Território, Engenharia de Telecomunicações e Informática e Geologia;1
Plano Nacional de Alojamento para o Ensino Superior;1
Andy Student Living?;1
Andy;1
Mesa de Reunião Geral de Alunos;1
Start Point;1
Diretora de o Departamento de Relações Humanas;1
Departamento de Recursos Humanos;1
Associações Estudantis;1
alojamento;1
@ComUM\artigo_133.md*;1
LUSA;1
Escolas Médicas Portuguesas;1
Cuidados de Saúde para Profissionais de Saúde;1
Unidade de Saúde de o Alto Minho;1
Aliança de Pós-Graduações de o Universidade de o MInho;1
IPST;1
Departamento Social de o AAUMinho;1
IPO;1
Deucalion;1
PR;1
Educação Nacional;1
Governos Provisórios;1
Escola de Música de o Conservatório de Guimarães;1
Media Arts;1
Direção-Geral de o Artes;1
DJ@UM;1
SUCESSO;1
SKY;1
@ComUM\artigo_148.md*;1
Autoridade de o Condições de Trabalho;1
ACT;1
Unidades Orgânicas e Serviços;1
Licenciatura em Engenharia Aeroespacial;1
Serviços de Ação Social de o Academia Minhota;1
Presidente de o associação académica de o Universidade de o Minho;1
Escola de Arquitetura Arte e Design;1
Mesa de RGA;1
Revolut;1
@ComUM\artigo_165.md*;1
@ComUM\artigo_167.md*;1
Creepers;1
associação académica de o UMinho;1
Departamento Alimentar de o Serviços de Ação Social de o Universidade de o Minho;1
Banco Alimentar;1
World Wide Fund For Nature;1
WWF;1
Grupo de Poesia de o UMinho;1
@ComUM\artigo_173.md*;1
Escolas de Arquitetura,;1
Artes e Ciências Humanas e de Psicologia;1
Institutos de Ciências Sociais;1
Society Loving the Planet Minho;1
Gabinete de Sustentabilidade de o SASUM;1
Escola Secundária de o Taipas;1
Atepeli Ateliers;1
Groupe Leader;1
ECHE;1
Agência Nacional Erasmus+ Educação e Formação;1
Agência Nacional Juventude;1
Higher Education Student and Staff Mobility;1
Construção;1
CTAC;1
Universidade Europeia de Chipre;1
Associação para o Desenvolvimento Sustentável e Inovador em Economia;1
Ambiente e Sociedade;1
Centro de Estudos em Genocídio;1
Assuntos Estudantis e Inovação Pedagógica de o Universidade de o Minho;1
Dia Internacional de o Erradicação de o Pobreza;1
ProChild;1
Dia Internacional;1
Núcleo de Alunos de Economia de o UMinho;1
NAECUM;1
Rede Europeia Anti-Pobreza Portugal;1
Cáritas;1
Universidade de o Academia;1
Academia de o Universidade;1
Escola de Ciências de o UMinho;1
Global Women’s Breakfast;1
União Internacional de Química Pura e Aplicada;1
Organização para a Cooperação e Desenvolvimento Económico;1
Ciência e Engenharia;1
Transição Digital;1
Grupo Casais;1
Conselho Europeu;1
Galp;1
APCAP;1
Associação Portuguesa de o Sociedades Concessionárias de Autoestradas;1
Brisa;1
@ComUM\artigo_186.md*;1
Escola Superior de Belas-Artes de o Porto;1
ciência e Tecnologia Alimentar;1
Educação e Psicologia e Nanociência & nanotecnologia;1
Engenharia e Ciências de o Computação;1
Economia e Ciência Política;1
Ciências Farmacêuticas;1
Shanghai Ranking’s Global Ranking of Academic Subjects;1
Engenharia Civil e Ciência e Tecnologia Alimentar;1
Masterclass;1
Gestão de o Stress;1
Investigação e Inovação;1
Associação Empresarial de Portugal;1
Fibrenamics de o Universidade de o Minho;1
Impulse;1
AEP;1
Artes e Ciências Humanas de o UMinho;1
Direito e Engenharia;1
Engenharia Eletrónica Industrial;1
Engenharia de Telecomunicação e Informática;1
Unidade de Serviços de Gestão de Campo e Infraestruturas;1
Universidade de Strasboug;1
Politécnico de Bragança;1
Faculdade de Psicologia;1
CCDR-N;1
Escola de Arquitetura, Arte e Design;1
Centro de Estudos Sociais de o Universidade de Coimbra;1
Expresso;1
Federação Mundial de o Saúde Mental;1
Blog Caixa Research;1
Fundação “La Caixa;1
Associação de Psicologia de o UMinho;1
Núcleo de Integração e Formação de Recursos Humanos de o UMinho;1
Saúde Mental;1
departamento de Biologia;1
Escola Ciências de o Terra;1
Técnicos Administrativos de o Universidade;1
Instituto de Psicologia;1
Grupo de Estudos de Vinculação e Parentalidade;1
VoxPop;1
Germany;1
telling us in the first meeting that Portuguese people are very shy and that we Should take the First Step towards;1
great Time;1
Economia e Administração em o Leibniz University Hannover;1
International Office;1
Coordenador Académico;1
AEISCAP;1
AEFML;1
AEFMUP;1
Instituto Politécnico de Coimbra;1
IPVC;1
AEUMAIA;1
Engenharia de o Universidade de o Minho;1
Tuna de Engenharia;1
Tuna de o Universidade Lusíada de Lisboa;1
@ComUM\artigo_27.md*;1
Movimento;1
conselho de Escolas Médicas Portuguesas;1
Instituto politécnico de Leiria;1
@ComUM\artigo_30.md*;1
Hamas;1
aluno de Engenharia e Gestão Industrial de o UMinho;1
Tournament in Mangement and Engineering Skills;1
ESTIEM;1
European Students of Industrial Engineering Management;1
Engenharia e Gestão Industrial de o Minho;1
associação de Debates;1
British Parliament;1
Universidade Técnica de Eindhoven;1
Telefonica;1
Mint Labs – Medical Innovation and Technology Laboratories;1
Academia Socialista;1
CP;1
Plano Estratégico de o UM;1
Escola de Enfermagem e Tecnologias de o Saúde;1
sindicato;1
Sindicato;1
Conselho Técnico-Científico de o Escola de Enfermagem;1
SC Braga;1
Serviços Académicos de o Universidade de o Minho;1
Guarda Nacional Republicana;1
PJ;1
Instituto Universitário de Lisboa;1
Coro de o Departamento de Música de o Escola de Letras;1
Artes e Ciências;1
@ComUM\artigo_41.md*;1
Conselho de o Associações Académicas Portuguesas;1
Associativismo Académico;1
Núcleo e Associações;1
SMN;1
@ComUM\artigo_46.md*;1
Comissões de Festas;1
@ComUM\artigo_48.md*;1
Departamento de Inclusão e Bem-Estar;1
Conselho de Associações Académicas Portuguesas;1
Coro de o Departamento de Música de o UMinho;1
Coro de o Academia de Música de Viana de o Castelo;1
assembleia de o República;1
Plano Nacional para o Alojamento em o Ensino Superior;1
Comissão de Trabalhadores de o Universidade de o Minho;1
Direção-Geral de o Emprego e de o Relações de Trabalho;1
Emprego;1
@ComUM\artigo_61.md*;1
UMAR Braga;1
Provedora de o Estudante;1
Direção de Tecnologias e Sistemas de Informação;1
Conselho Pedagógico de o Escola de Economia e Gestão;1
grupo de Alunos de Ciências de o Comunicação de o Universidade de o Minho;1
ESAD;1
A3RUM;1
Impactou-me;1
Assembleia de o República Portuguesa;1
Unidade de Saúde Campus Vilar;1
Escola de Direito de o UM;1
Departamento cultural;1
Departamento desportivo;1
Departamento recreativo;1
Departamento social;1
Direção de o Associação;1
AGIR;1
Tocávamos;1
Disney;1
Ornatos Violeta;1
Pop;1
I chose Portugal;1
symbol of the history of the city;1
Swiss;1
Polish;1
great Time together!;1
Medicina;1
José Duque/ ComUM;1
@ComUM\artigo_86.md*;1
Marketing Público e Social;1
Federação Portuguesa de o Dadores Benévolos de Sangue;1
FEPODABES;1
Conselho Geral de o Ordem de o Advogados;1
@ComUM\artigo_90.md*;1
@ComUM\artigo_91.md*;1
The New Yorker;1
armazém de o Chá;1
Comissão de Ética de o Universidade de o Minho;1
comissão de Ética;1
FFP;1
Conselho Fiscal e Jurisdicional de o AAUMinho;1
ComUM – Gostávamos;1
@ComUM\artigo_98.md*;1
Lone;1
Grupo de Percussões e de Cabeçudos;1
Fundação de o Tuna;1
Queima de o Fitas;1
Grupo de Música Popular?;1
Festival Internacional de Tunas.</interviewee;1
Universidade Internacional;1
VITAR;1
perspetiva;1
Línguas Orientais;1
UMinho-;1
Carreira profissional;1
CristianaGomes/imagem_janine.jpg;1
Associação de Psicologia de o Universidade;1
Departamento de História de o Instituto de Ciências Sociais de o Universidade de o Minho;1
Unidade Unida;1
@Entrevistas\Danielle.md*;1
DianaPinto;1
EPIC;1
ADS;1
NCA;1
Biologia Aplicada;1
Comunicação e de o Design;1
Comunicação e Marketing;1
marketing;1
Coordenadora de o Departamento de o Comunicação e Imagem;1
Comunicação Estratégica;1
convite.</interviewee;1
ajudado.</interviewee;1
Centro Dramático Nacional;1
Escola de Engenharia Informática;1
Livia> **;1
Livia> **nossa;1
Departamento de Engenharia Biológica</departamento;1
Livia> **Herdou;1
DI;1
Universidade de Campinas</institution></alunos;1
Maia Neves</person;1
Livia>*;1
Liceu feminino;1
Liceal;1
Ford;1
Marcelo Caetano;1
Beatlemania;1
Trabalhar;1
Penguin;1
Angry Young Men;1
Red Brick Universities;1
synge;1
Jesuíta;1
Inglês Técnico;1
Inglês Técnico a Física Ótica;1
Relação Internacionais;1
europeu de Tradução;1
EMT;1
EMT label;1
Mestrado Europeu de Tradução;1
Técnica;1
abril;1
Gabinete de Turismo;1
Padres Jesuítas;1
Psicanálise;1
Psicologia Social, Sociologia,;1
Relações Internacionais Culturais;1
Revolução de Abril;1
Comunicação  Social;1
ADSE;1
Tecnologia Têxtil;1
marinha;1
PCP;1
Cottinelli;1
Livraria;1
Editora Pax;1
Centro Comercial de o Garanjinhos;1
Editora Correio de o Minho;1
Associação de Defesa de o Património;1
Solares;1
Escola Comercial;1
Juventude Popular;1
CDS-PP;1
Partido de o Democracia Cristã;1
Fretilin;1
Serviços de Computação;1
Forças Armadas;1
Emissora Nacional;1
RDP;1
Voluntário de o Obra de Maria;1
Ética Política;1
Economia para;1
Ciências Políticas Leuven;1
Economia e direito;1
Universidade de Deuston;1
universidade de Leuven;1
PRODEP;1
24 de Abril;1
Direito e Medicina;1
Engenharia Física;1
Legião Portuguesa;1
Nine;1
socorrista;1
associação  Académica;1
Clube Naval;1
SNAC;1
Comissão  Instaladora;1
Departamento de  Química;1
Engenharia Civil de Lourenço Marques;1
CETE;1
Núcleo  de Informática;1
Departamento de  Informática;1
Relações Internacionais por o;1
Managing Director;1
Programa de Informação Harvard Medical School Portugal;1
BES Inovação;1
Capital Europeia;1
Plano Estratégico de o UMinho?;1
Saci-Pô;1
coordenador de o Qualidade;1
Segurança;1
Técnico Superior de Segurança e Higiene em o Trabalho Nível V e Responsável Operacional;1
Conselho Nacional de Juventude;1
Juventude Portuguesa;1
Jovens Portugueses;1
Conselho Consultivo de Juventude;1
Comité executivo de o EUSA;1
Licenciatura em Línguas e Literaturas Europeias;1
Nacional Universitário;1
Serviços de Comunicações;1
Conselho Geral de o UM;1
serviço?;1
Gabinete de Apoio a projeto;1
Instituto Universitário Europeu;1
Florença-Itália;1
Licenciatura em Negócios Internacionais;1
AIECEP;1
Agência para o Investimento e Comércio externo de Portugal;1
futebol Clube de o Porto;1
Engenharia Informática de o UMinho;1
Licenciatura em Engenharia Informática;1
UMdicas-104-entrevista1.md*;1
Xadrez;1
Capitais Europeias;1
Sporting de Braga;1
Associação de Futebol de Braga;1
Federações Nacionais Universitárias;1
Europeu de Voleibol;1
Europeu de Basquetebol;1
Europeus de Taekwondo;1
UMdicas-105-entrevista1.md*;1
SAP;1
QUAR2013;1
TOP3 nacional;1
TOP3;1
Regulamentos;1
Assembleia de o Republica;1
Setor Alimentar?;1
Secretariado;1
Departamento Desportivo e Cultural?;1
Coordenação Técnica Desportiva;1
Coaching;1
Assembleia de o UMinho;1
Estudantes minhotos;1
Acção Social Escolar;1
Educação e Investigação;1
CNU´s;1
Fundação AAUM;1
Jovens;1
Conselho de Gestão de o Serviços de Acção Social de o Universidade de o Minho;1
Estatutos de o Serviços de Social;1
administração Pública;1
Contabilidade e Gestão de Stocks;1
OC;1
PAT;1
Presidente de o Conselho Geral de o Universidade de o Minho;1
Conselho Geral?;1
Serviços Desportivos;1
Associativismo Desportivo e Cultural em o UMinho;1
Departamento Social de o SASUM;1
Apoio Psicológico;1
Bloco E de o Residência Universitária de Santa Tecla;1
Núcleo de Estudantes de R.I;1
Desenvolvimento Internacional;1
CIF;1
Cushman & Wakefield;1
Vonlanthen Consulting SA;1
R.I.;1
Caritas Suisse;1
OIM;1
Organização Internacional de o Migrações;1
Delegação Permanente;1
Agência Suíça para o Desenvolvimento Internacional;1
EEAS;1
Organização Mundial de o Comércio;1
ONG’s;1
Centro de Estudos de o Curso de Relações Internacionais;1
Departamento Social & Relações Internacionais;1
Departamento de Saídas Profissionais & Empreendedorismo;1
Conselho Consultivo de o Departamento de Pós Graduação;1
SOLUTIONS?;1
Agência para o Sociedade de o conhecimento;1
FNAA;1
SCAPE;1
Microsoft Research;1
Arquivo Nacional de o Dinamarca;1
Digital Preservation Coalition;1
Comunicação de o Universidade de o Minho;1
@UMdicas\UMdicas-109-entrevista5;1
Secretária;1
Tuna Mista de o nosso Academia;1
Setor de Economato;1
Fundo de Maneio;1
Relatório de Sustentabilidade;1
Conselho de Ação Social;1
Universidades Fundação para Universidades de “Autonomia Reforçada;1
Sistema Interno de Garantia de o Qualidade de o Universidade de o Minho;1
Université Catholique de Louvain;1
Universidade de Lille;1
Comissão de Curso de o Licenciatura em Matemática;1
Setor de Recursos Humanos?;1
Setor de Recursos Humanos de o SASUM;1
Ramo de Especialização em Recursos Humanos e Gestão de o Formação por o Universidade de o Minho;1
Responsabilização de o Serviços;1
Medicina de Trabalho;1
Relatório de Satisfação de o Serviços;1
Ramo de Matemática Pura;1
Departamento de Matemática de o Universidade de o Minho;1
Comissões de curso;1
LCC?;1
Mestrado de Informática e o Mestrado;1
LCC ser o matemática, o Ciências de o Computação e o Tecnologias de o Computação;1
Estudantes/Acesso/Genericos;1
património?;1
Diretora de Serviços de o Departamento Administrativo;1
Administrador de o Universidade de o Minho;1
Administração e Políticas Públicas;1
Núcleo de Estudos em Administração e Políticas Públicas;1
OTOC;1
Contabilidade Analítica;1
Setor de Apoio clínico de o SASUM;1
Setor de Apoio;1
Diretora de o Departamento de Apoio Social;1
Universidade Católica Portuguesa de o Porto;1
Tecnologia Química;1
Alimentar e Tecnologia de o Ambiente;1
Instituto de Emprego;1
U2;1
Housemartins;1
Departamento de Engenharia de Polímeros;1
INC;1
Brigham Women’s Hospital;1
University of Texas;1
Cornel University;1
FDA;1
IAPMEI;1
Segurança Alimentar?;1
Escola de Ciências de o Universidade de Minho;1
Comissão de o Curso de Optometria e Ciências de o Visão;1
Comissão Diretiva de o Mestrado;1
Centro de Física;1
Congresso Internacional de Optometria e Ciências de o Visão;1
Departamento de Fisica;1
Conselho Pedagógico de o Escola de Ciências;1
CNU de Judo;1
SELL Games;1
Europeu de Voleibol Universitário;1
Jugoslávia;1
Electrónica Industrial de o UM;1
LinkedIn;1
Provedor de o Estudante de o UMinho;1
Provedores de o Estudante;1
Conselho Nacional de Provedores de o Estudante de o Ensino Superior;1
Provedores;1
Comissão Diretiva de o LEB;1
Natureza;1
Educação Pré-escolar;1
EB;1
Núcleo de Estudantes em Educação Básica;1
Licenciatura em Educação Básica;1
Cultura Portuguesa;1
The Coors;1
Sporting;1
Brincador;1
Basketball;1
@UMdicas\UMdicas-116-entrevista1;1
Movimento “;1
IPSS’s;1
ICS de o UM;1
Seleção Universitária;1
Seleção?;1
Tecnologia;1
Departamento de Informática de o UMinho;1
Embaixada Lomografica Portuguesa;1
Grupo de Teatro Thiasos;1
Tuna Académica de o Universidade de o Minho;1
Departamento de Apoio Social de o SASUM;1
Finanças;1
aAEUM;1
Software;1
Direção de o AAEUM;1
Seguradora Generalli;1
Generalli;1
PALOP’s;1
SPINUM;1
Engenharia Eletrotécnica;1
City Lights;1
SilicoLife - Computational Biology Solutions ser the Life Sciences;1
Setor de Informática de o SASUM;1
Direção de Tecnologias e Sistemas de Informação de o Universidade de o Minho;1
Setor de Informática;1
Cabe-;1
Bosch Car Multimedia Portugal S.A.;1
Fundação de o Associação Académica de o Universidade de o Minho;1
Fundação Associação Académica de o UMinho;1
Fundação de o Associação Académica;1
Assembleias de Núcleos;1
Fundo Social de Emergência de o UMinho;1
Fundo Social;1
Comité Organizador de o campeonato;1
Assembleia Geral de o EUSA;1
Licenciatura em Sociologia?;1
Licenciatura em Sociologia;1
junta de Freguesia de S.Vitor;1
Clube de o Ginásio Koryo;1
Setor de Secretariado de o Departamento de Apoio Social?;1
Setor de Secretariado de o Departamento de Apoio Social;1
Setor de Secretariado;1
Associação Desportiva de Esposende;1
Seleção Nacional?;1
Nigran;1
*Engenharia Mecânica;1
Diogo?;1
S.C.R.U.M.;1
Clube de Rugby de o Técnico;1
Media;1
Sic;1
Nike?;1
Estatutos Universidade;1
Lions Club de Braga;1
Diretoras Adjuntas de o Curso;1
Gestão de Sistemas de Informação?;1
Departamento de Sistemas de Informação de o Universidade de o Minho;1
Gestão e Sistemas de Informação;1
Gestão de o DSI;1
BETWEIEN?;1
Educação empreendedora;1
Contabilidade;1
Grupo de Folclore de o UMinho?;1
Grupos de Folclore;1
Desportiva de o Departamento Desportivo e Cultural de o SASUM;1
Setor de Gestão Técnica e Desportiva;1
FCDEF UP;1
Técnico de Desporto;1
Competição Desportiva;1
ACD;1
Secretariado/;1
Gestão de Atividades;1
Coordenador Técnico;1
Low Cost;1
Departamento de Engª de Polímeros;1
Cientista;1
Instituto de Nanotecnologia;1
Nano Medicina;1
UN): UN Serviços;1
UN Laboratório;1
UN produto;1
Qualidade Total;1
Start;1
Equipa de o Qualidade;1
EQ;1
administração de o SASUM;1
Desportivas;1
Sector;1
FF;1
Basquetebol masculino;1
Rugby de 7;1
Federação Mais Activa de o Europa;1
câmara;1
Café “O Farol;1
Staff;1
Departamento Desportivo e Cultural de o Universidade de o Minho;1
@UMdicas\UMdicas-122-Entrevista3.md*;1
Escolas Secundárias;1
Universidade a o Escolas;1
Universidade Portuguesa;1
Licenciatura em Engenharia de polímero;1
Assistente Estagiária;1
Departamentos de Engenharia de Polímeros e Mecânica de o Escola de Engenharia;1
Comissão Diretiva;1
Departamento de Engenharia de polímero;1
Engenharia de Material;1
UA;1
FCT-UNL;1
Departamento de Engenharia Metalúrgica;1
UA - Departamento de Engenharia de Materiais e Cerâmica;1
FCT-UNL - Departamento de Ciência de o Materiais;1
Engenharia de Materiais de o UMinho;1
WESP;1
FP7 de o Comissão Europeia;1
International Symposium;1
Centro ALGORITMI;1
Displr;1
Graduação em Contabilidade Pública;1
Agencia Nacional de Compras Públicas;1
Sector de Contabilidade e Gestão de Stocks?;1
Concursos Públicos;1
Autoridade Tributaria;1
Departamento de Psicologia de o Instituto de Educação e Psicologia;1
Universidade de Leiden;1
The Times;1
Secretariado de o Escola;1
Mestrado Integrado em psicologia;1
Estatística;1
ESI - Engenharia;1
Soluções e Inovação?;1
Grupo Amorim;1
Polisport;1
IKEA|Swedwood;1
Empresas Portuguesas;1
Eurosport;1
Federação de Andebol de Portugal;1
CO;1
Seleção Nacional Universitária de Andebol;1
Federação Portuguesa de Andebol;1
Xico Andebol;1
CCR Fermentões;1
CIPRL;1
Voluntariado Desportivo;1
Banco Local de Voluntariado de o CMguimarães;1
Associação Cultural e Desportiva Jardim de o Serra;1
APD;1
Gabinete de Ação Social;1
Equipa de Qualidade;1
Diretora de o Departamento Financeiro;1
Diretora de o Departamento Apoio Social;1
Diretora DAF;1
MCI;1
associação Internacional de Clubes Lions;1
Setor de o Alojamento;1
Departamento Apoio Social;1
SASUM?Quais;1
BAL;1
PME;1
Diretora;1
Sector de secretariado de o Departamento Alimentar de o SASUM;1
Sector de secretariado de o Departamento Alimentar?;1
Licenciatura?;1
PLI;1
Comissão Pedagógica de o Senado Académico;1
Departamento de Estudos Curriculares e Tecnologia Educativa em o Comissão Diretiva;1
Conselho de Cursos;1
Licenciatura em Educação?;1
IPSS;1
Relatório-Síntese Global;1
Comissão de avaliação Externa;1
CAE;1
Inocentes;1
USA for Africa;1
Escola por Medida;1
Departamento de Economia de o UMinho;1
Tinbergen Institute;1
Conselho Pedagógico de o EEG;1
Económica;1
Microeconomia e Macroeconomia;1
Economia Aplicada;1
associação Recreativa e Cultural de o Universidade de o Minho;1
Grupo de Folclore de o Universidade de o Minho;1
Escola de Música;1
Braga-Capital Europeia de o Juventude;1
Grupo Folclórico?;1
XXV FITU;1
Grupo de Folclore;1
Área de Estudos Espanhóis de o Instituto de Letras e Ciências Humanas;1
Área de Estudos Espanhóis de o UMinho;1
USC;1
Barça;1
Associação de Antigos Estudantes de o Universidade de o Minho;1
Linkedin;1
Alumni de o país;1
Alumni UMinho;1
Conselho Alumni;1
Alumni de o UMinho;1
João Coutinhas*;1
Departamento de Formação de o AAEUM;1
AAEUM Academia;1
Tolinhos;1
ordem;1
Coro?;1
Europeu Universitário de Andebol;1
Comité Organizador de o Europeu Universitário de Andebol;1
Federação de Andebol;1
Comité;1
Arbitragem;1
Direção de o Associação de Andebol de Braga;1
Clubes e Agentes de o Modalidade;1
Serviços Sociais de o Universidade de o Minho;1
Arsenal de o Devesa;1
Andebol Universitário;1
Tetra;1
SAS de o Norte;1
Variante Arqueologia;1
Comissão Externa de avaliação;1
Conselho Pedagógico de o ICS;1
Licenciatura em Arqueologia?;1
Unidade de Arqueologia de o Universidade;1
UAUM;1
MADDS;1
Serviço de o Seleção Sub-21;1
Andebol de o Uminho;1
Escola de Música, Artes Performativas e Artes Plásticas;1
Câmara de Guimarães;1
ECUM;1
Licenciatura em Biologia Aplicada?;1
Velvet Underground;1
Sonic Youth;1
Departamento de Música;1
Academia de Música de Viana;1
Bomboémia?;1
Grupo de Cabeçudos;1
Associação Recreativa e Cultural Universitário de o Minho;1
UMdicas-135-Entrevista1;1
europeu de Sub-21;1
Clube de Taekwondo Lobos Negros;1
Campeã Nacional Sénior;1
Vice-Campeã Europeia Universitária;1
Portuguesa;1
Apuramento Europeu;1
Juiz Conselheiro Jubilado de o Supremo Tribunal de Justiça;1
Regime de Direito Privado;1
Reitores de o Universidades Portuguesas;1
Universidade Completa;1
Escola de Belas Artes de o Porto;1
Faculdade de Arquitetura de o Universidade de o Porto;1
FAUP;1
Mestrado Integrado em Arquitetura;1
Adagietto de o 5ª Sinfonia de Mahler;1
Boussole;1
Grupo de Poesia?;1
Alta Competição?;1
Ortopedia ou anestesiologia;1
Ortopedia;1
vitória;1
SE CHEGA;1
Comité Organizador de o Mundial Universitário de Badminton;1
Universidade de o Beira-Interior;1
Marketing e Imagem;1
Administração de o Pastelarias e;1
Departamento Desportivo e Cultural de o Serviços de Ação Social;1
FACTO de TER TIDO;1
ESPÍRITO DE MISSÃO e DE PROCURA PELO;1
Federação Internacional de Pentatlo Moderno?;1
UIPM;1
Federação Internacional;1
Biologia, o Ciências de Computação;1
Mestrado Integrado em Medicina;1
Boavista FC;1
Escola de Formação de Executivos;1
UMinho Exec;1
Quadro Europeu Comum de Referência;1
Serviços de Acção Social de o Porto;1
Proteção Civil, Desporto e Turismo;1
APOGESD?;1
Proteção Civil,;1
Liga de Futebol Profissional;1
Vitória;1
Moreirense;1
Capital Europeia de o Desporto;1
ACES Europe;1
Academia de Artes Marciais e Desportos de Combate;1
AEC’s;1
Centro Ciência Viva;1
Departamento de Psicologia Aplicada;1
Provedor de o estudante;1
provedora de o Estudante de o UMinho;1
Engenharia Electrónica Industrial;1
Engenharia Clínica;1
Eletrónica Médica;1
Informática Médica;1
CSIC Madrid;1
Katholieke Universiteit Leuven;1
University of Twente;1
Massachusetts Institute of Technology;1
Nacional de Saúde;1
INEB;1
BIAL;1
Grupo de Comunicações;1
Departamento específico;1
Eletrónica Industrial, Sistemas de Informação e Informática;1
Licenciatura de Comunicações;1
Núcleo de Estudantes de Engenharia de Telecomunicações e Informática;1
Engenharia de Telecomunicações e Informática?;1
Engenheiros de Telecomunicações e Informática;1
Telecomunicações e Informática e Eletrónica;1
Telecomunicações;1
Sistemas de Telecomunicações;1
Junta de São Victor;1
Rufar;1
The Budapest International Wine Festival;1
Instituto para o Bio-Sustentabilidade;1
Autarquia de Guimarães;1
Projeto Bosch;1
Unidade Operacional de o Universidade de o Nações Unidas;1
Agência Nacional de Proteção Civil;1
Fundo de Emergência Social;1
Relatórios de Sustentabilidade;1
Consórcio UNorte**;1
Fundação**;1
Tuna Académica de o Universidade Fernando Pessoa;1
Tuna Académica de o Externato Infante D. Henrique;1
FITU Bracara Avgvsta;1
Associativismo, Saúde e Bem-estar;1
Parlamento Concelhio;1
ACES Braga;1
Capital IberoAmericana de o Juventude;1
Área Desportiva Útil;1
StartUp Braga;1
Saúde e Economia;1
Departamento de Engenharia Mecânica de o;1
SPB?;1
SPB;1
Clínica de o Dragão - Espregueira Mendes;1
FIFA Medical Centre of Excellence;1
CNN;1
Engenharia Mecânica de o UMinho;1
sDUM;1
CE;1
Ciência Aberta;1
Responsible Research and Innovation;1
RRI;1
Instituto Politécnico de Viana de o Castelo;1
Núcleo de Estudantes de Estatística de o Universidade de o Minho;1
Formação de quadro técnico;1
Técnico Superior de o Serviços de Acção Social de o Universidade de o Minho;1
FPF?;1
futsal;1
Futebol e Futebol de Praia;1
Futebol de Praia português;1
Futebol de Praia?;1
Portugal Football School;1
Licenciatura em Design e Marketing de Moda;1
Licenciatura em Design e Marketing de Moda?;1
Jograis?;1
Cosmos;1
NinaDesentope;1
Grupo de Jograis;1
Jerónimo;1
Divertimento;1
Gabinete de Sistemas de Informação de o UMinho;1
Administrador de o Ação Social;1
Universidade para Fundação;1
Universidade em Guimarães;1
LCB;1
Certificação de o Qualidade ISO 9001;1
INA;1
Academia*;1
Engenharia Económica;1
Assistente Direção Financeira;1
Relações Internacionais e Mestrando em Direitos Humanos;1
Eurodeputado;1
Marília;1
PPE;1
Partido Popular Europeu;1
Fundo Europeu para Investimentos Estratégicos;1
Telecom Portugal;1
AG;1
Direção de o AAUM;1
Departamento de Gestão de Associados & Marketing;1
Estudantes de o Ensino Superior;1
ciência, Tecnologia e Ensino Superior;1
Instituições de Ensino;1
Amazon?;1
Apple;1
Engenharia Civil por o;1
Instituto de Estudos Sociais de Haia;1
II-3B;1
presidente de o Conselho Geral;1
Unidade Curricular de Filosofia em Portugal I;1
Licenciatura em Filosofia?;1
NEFILUM;1
Jornadas ILCH;1
Comunidade de Leitores de Filosofia, Jantar de Finalista;1
Comissão de avaliação de o C.A.E.;1
UC de Filosofia de o Tecnologia;1
Comunidade de Leitores de Filosofia;1
Núcleo de Estudantes de Filosofia de o Universidade de o Minho;1
Associação Académica de o Universidade de Aveiro;1
Federação Desportiva;1
Ativa de o Europa;1
Campeonatos Nacionais Universitários de 2019;1
Gabinete de Promoção de o Sucesso Académico;1
Comissão Bipartida;1
Emprego Científico - Modalidade Institucional;1
ISEE;1
Advanced Management Programme;1
IT Peers;1
Profimetrics;1
Cardmobili;1
COTEC Portugal;1
CNEI;1
Conselho Nacional para o Empreendedorismo e Inovação;1
Cultura Árabe;1
Sociedade Portuguesa;1
Sindicatos;1
Unidades de Negócio de Conhecimento;1
Universidade Portuguesa em Investigação Aplicada;1
Educação Contínua;1
Grupo Socio Cultural Novos Talentos;1
Sub 21;1
Associação de Estudantes de o Faculdade de Engenharia de o Universidade de o Porto;1
Estados Membros;1
Organização de o Nações Unidas;1
considera;1
Movimento Associativo Nacional;1
Constituição de o República Portuguesa;1
CNU’s 2019;1
GFUM?;1
Conselho de Presidentes de o Unidades Orgânicas;1
CCDR;1
UNorte PT;1
Editora UMinho;1
Editora;1
serviço [de Ação Social;1
Escola de o Engenharia;1
Escola de_ psicologia;1
Igreja;1
Bosch Car Multimédia?;1
Bosch Car Multimédia Portugal;1
Human Machine Interface Excellence;1
Universidade e Indústria;1
Bosch?;1
Bosch Car Multimedia;1
Laboratório de Manufatura Avançada de Produtos e Ferramentas;1
UMinho-Bosch;1
CVR;1
Sensible Car;1
Smart Manufacturing;1
Clube de Fornecedores;1
Pacto Global de o Nações Unidas;1
THE University Impact Rankings;1
Advisory Committee;1
International Sustainable Campus Network;1
Steering Committee Meeting;1
Risk AquaSoil;1
Sustentabilidade Ambiental em o;1
Biologia ou Biologia Aplicada;1
Plano de Atividades de o Serviços;1
Campi Universitários;1
Serviços de Acção Social de Trás-os-Montes e Alto Douro;1
Altice Forum;1
Agência de Modernização Administrativa;1
Fundo Ambiental;1
Conselho de Ministros o Roteiro de o Neutralidade Carbónica;1
Programa Operacional para a Sustentabilidade e Eficiência em o Utilização de Recursos;1
Gabinete para a Inclusão de o Universidade;1
Institutos de o Universidade;1
Unidade de Educação Médica;1
Campeonatos Nacionais Universitários de doze para oito;1
provedora de o Estudante de o Universidade de o Minho;1
provedora de o Estudante;1
Universidade eu;1
Provedor Estudante;1
Melhor Universidade Europeia de o Década;1
European Universities Sports Association;1
@UMdicas\UMdicas-171-Entrevista1;1
Direção-Geral de Saúde;1
serviço ser serviço de Acção Social de o Universidade de o Minho;1
Covid-19?;1
CEiiA;1
STAYAWAY;1
POINT Summit;1
Pandemia;1
PAIE;1
Comissão de Elaboração e Gestão de o Plano de Contingência Interno COVID-19;1
Tecnologia de Fachadas e Envolventes de Edifícios;1
Escolas de Engenharia e Arquitetura;1
Direção-Geral de o Saúde;1
USAAE;1
Provedora de o estudante;1
Pró-Reitor para Especiais;1
Conselho!;1
Comissão Especializada de Governação, Assuntos Institucionais e Assuntos Financeiros;1
Divisão de Bolsas de o SASUM;1
SAS de o Ensino Superior;1
Desert Rose;1
Diretora de Comunicação;1
Intervenção Comunitária;1
Recursos Humanos…;1
gabinete de o Provedor;1
Conselho de Curadores de o Universidade de o Minho;1
Ensino Superior Universitário;1
Comunidade de pessoa;1
MOMENTMUM;1
Tuna!;1
representante de o Estudantes em o Órgãos de Governo de o UMinho;1
Associativismo;1
CC?;1
GNRation;1
Vermelhinhos;1
TUM?;1
Departamento Alimentar de o Serviços de Acção Social de o Universidade de o Minho;1
Instituto de o Juventude;1
The Corrs & Bono;1
Divisão de Gestão Alimentar de Braga;1
Fundador;1
Serviços de Acção Social?;1
UMd qual;1
PIDDAC;1
Direcção Geral de Contribuição de Impostos;1
UMd tudo;1
Sistema de Gestão de o Qualidade de o Departamento Contabilístico e Financeiro;1
Basquetebol e Ginástica;1
FC Porto;1
Departamento Desportivo e Cultural de o Serviços de Accão Social de o Universidade de o Minho;1
Comité Executivo de o;1
Associações de Futebol;1
Professores de Educação Física;1
Desporto Escolar;1
Tuna de Letras de o Universidade de o Minho;1
Tuna de Letras;1
Divisão de Alojamento;1
Divisão de Alojamento de o Departamento de Apoio Social;1
conselho de Ética de o Universidade de o Minho;1
Reitor de o Academia;1
Qualidade;1
Ética Académica;1
Subcomissões;1
Comissões de Ética para a Investigação;1
Comissão de Ética para a Investigação em Ciências de o Vida;1
Comissão de Ética para a Investigação em Ciências Sociais e Humanas;1
CEICSH;1
Ciências de o Ambiente;1
Conselho de Presidentes de Unidades Orgânicas;1
pt/PT;1
pt;1
Divisão de Sistemas de Informação;1
Força Aérea;1
Aeronáutica;1
Informações;1
Provedoria de o Estudante;1
Provedoria de o estudante;1
MELHOR ACADEMIA de o País;1
Unidade de Ensino Especial;1
Direção de o Escola;1
Orçamento Participativo Escolar;1
Direção de o Associação de Estudantes de Direito de o Universidade de o Minho;1
Ação Educativa e Associativismo;1
Plano de Atividades de o AAUMinho;1
Gatuna e Tun’Obebes;1
Tuna Académica de o Liceu de Évora;1
Once;1
Tuna Mais Tuna;1
Técnico Desportivo;1
Escola Superior de Desporto e Lazer;1
Academia de o país!António Ferreira;1
Tecnico Desportivo;1
UMinho Education Aliance;1
Administração Públia;1
Assistente Técnica;1
Proteção de Menores;1
PGR;1
APAV;1
Universidade e de o Ensino Superior;1
Conselho Geral e o Interação com o Sociedade;1
Administrativos;1
Órgão;1
o Conselho Geral;1
Divisão de Bolsas;1
SICABE;1
conselho Cultural;1
universidade;1
Unidade de Educação de Adultos;1
Tuna Académica Feminina de o Universidade;1
Digressão Tunae;1
Tun’ao Minho?;1
Tun’ao Day;1
Asseguro;1
UMinhoSports de o Serviços de Acção Social de o Universidade de o Minho;1
Escola de medicina;1
Instagram @uminhosports;1
Seleções Nacionais;1
Gestão em Turismo e Hotelaria;1
POCER;1
PPR;1
Estatutos de o UM;1
estudantes de o país;1
UAARE;1
Dia Internacional de o Desporto Universitário;1
Setor de o Contratação;1
Estruturas Locais de o Cruz Vermelha Portuguesa;1
Estatutos de o Cruz Vermelha Portuguesa;1
Direito Internacional Humanitário;1
Unidade e Universalidade;1
Transporte de Doentes e Crianças com Necessidades Educativas Especiais;1
Creche de o INL;1
Serviço de Apoio domiciliário;1
Equipa de Intervenção Social Direta;1
Equipa;1
Juventude de o Cruz Vermelha;1
Juventude Cruz Vermelha;1
Instrumento Financeiro para Reabilitação e Revitalização Urbanas;1
Proteção Civil;1
SEF;1
Portuguesa?;1
Movimento Associativo Estudantil;1
RECURSO;1
Moção Global;1
Académicas Ponto;1
Summit;1
ser Assistente Operacional;1
Assistente Operacional;1
Associação Europeia de Universidades;1
Plano Nacional de Alojamento de Estudantes de o Ensino Superior;1
Investigação e de o Inovação;1
Sonae;1
Rede Casas de o Conhecimento;1
associação de Psicologia;1
Aliança Europeia Arqus;1
Plano Estratégico de o Universidade;1
Fibrenamics;1
Plano de Atividades e Orçamento 2023;1
Plano de Atividades e Orçamento;1
universidade de investigação;1
conselho de Ética de o UMinho;1
conselho de Ética;1
Departamento de Biologia de o Escola de Ciências;1
Conselho de Ética de o UMinho;1
Subcomissão de Ética para as Ciências de o Vida;1
Saúde;1
Subcomissão de Ética para as Ciências Sociais e Humanas;1
universidade de órgão/comissão;1
Comissões Especializadas de ética para o investigação;1
Literacia Ética;1
Cátedra Alumni Medicina;1
Grupo de Fados e Serenatas de o UMinho;1
Grupo de o Minho;1
Canto;1
Guitarradas e Música Tradicional;1
Vitória Sport Clube;1
VSC?;1
Comissão Comemorativa;1
Presidente de o Comissão comemorativa;1
Comissão de Honra;1
Centro de Ética;1
Política e Sociedade;1
Democratização Portuguesa;1
Queima de o Fitas de 1985;1
ex-URSS;1
World Music;1
Arredas Folk Fest;1
Divisão de Contabilidade e Tesouraria;1
Divisão de o Contabilidade e tesouraria;1
Contabilidade e Tesouraria;1
Departamento Contabilístico e financeiro de o SASUM;1
Administradora de o Serviços de Ação Social de o Universidade de o Minho;1
Serenatas de o Academia;1
Grupo de Fados de o AAUMinho;1
Universidade de Yôga?;1
União Nacional de Yôga;1
Federação de Yôga;1
Católica;1
UniCruz;1
Sociedade Brasileira de Educação e Integração;1
Sindicato Nacional de o Profissionais de Yôga;1
RUM ?;1
Real Áudio;1
Rádio Comercial;1
RFM;1
VL Vai;1
VL sim;1
Semanário Académico;1
Comunicação Social;1
UMd Generalizando;1
VL Aquilo;1
Conselho de Administração;1
Dança Africana?;1
Comunicação NãoVerbal;1
portoEvento;1
diapasão?;1
Diapasão;1
Xutos;1
Xutos & Pontapés;1
GATA;1
Inglês?;1
Deixei;1
Fuse;1
T.V.I. vós;1
T.V.I.;1
Loto;1
Comité Executivo de o Federação Internacional de o Desporto Universitário;1
Comité executivo;1
Comissão Internacional de Controlo;1
Internacional Universitária;1
Comité Olímpico;1
Academia Militar;1
m u n d;1
Serviço de Apoio Informático a o Aprendizagem;1
UMdicas- porquê;1
Wireless;1
Serviços Informáticos;1
Serviços Financeiros de o UMinho;1
Escola/;1
presidente de o Unidade;1
Departamento de o Universidade de o Minho;1
Coordenador Departamental SOCRATES;1
Coordenadores;1
Labels ECTS Label;1
Labels;1
União Europeia Índia;1
europeu;1
GTS;1
Orientation Day;1
Cabide de Cardeias;1
Conselho de Ansiãos?;1
Conselho de Ansiãos;1
Comissão de Praxe;1
conselho de Ansiãos;1
Comissão de Acolhimento de o Novos Alunos;1
estudante?;1
Pearl Jam;1
5ºano de Engenharia Biológica;1
Núcleo de Estudos;1
Núcleo?;1
Gabinetes de Apoio;1
Pacto de Desenvolvimento Regional;1
Associação Industrial de o Minho;1
Uniões Sindicais de Braga;1
Universidade em o Internet;1
Conselho Estratégico de o Universidade de o Minho;1
universidade como Universidade de Investigação;1
Toshiba;1
Tecnologias de Informação;1
Centros Tecnológicos;1
Clusters Tecnológicos;1
Clusters em Desenvolvimento?;1
Inovação Tecnológica;1
Cluster Têxtil;1
CITEVE;1
Automóvel;1
Plásticos de o Marinha Grande;1
Avaliação Nacional e Internacional de o Investigação;1
Técnicos de laboratório e;1
Futebol;1
Selecção Distrital de Braga;1
Sub-17;1
Campeã Nacional Universitária de Futsal Feminino;1
Estudantes com Deficiência;1
GAED;1
psicologia,;1
Instituições de o Ensino Superior;1
Unidade de Missão, Inovação e Conhecimento;1
Departamento de Psicologia um;1
Serviço de Consulta Psicológica e Desenvolvimento Humano;1
Biotecnologia e Engenharia Civil;1
Programa de Eliminação de Barreiras Arquitectónicas;1
Comissão de Acompanhamento de o Reitoria;1
Universidade Inclusiva?;1
Selecção  Nacional;1
WTF;1
Cartão de Utente de o Pavilhão Desportivo de o UMinho;1
Financiamento e racionalização;1
Associação de Universidades Europeias;1
empréstimo;1
Devo;1
Rede de Informação de o INE;1
Bibliotecas Universitárias;1
INE;1
Serviços de Comunicações de o U.M.;1
Escola de Patinagem Novo Mundo;1
Nacional de Hóquei;1
San Remo;1
MC;1
Torneio Internacional de o Galiza;1
ATL;1
Vitoria de Guimarães;1
FIVB;1
AA;1
Vitoria;1
Licenciatura de Direito;1
Directora de o Departamento;1
Directora de o Departamento Recreativo e Cultural;1
Directora de o Departamento Vox Iuris;1
Directora de o Departamento Saídas Profissionais;1
Directora de o Departamento Editorial;1
conselho de Escola;1
A.P.;1
Economia, Medicina;1
PJ Espaço;1
Traje Afonsino;1
Tuna de Engenharia de o Universidade de o Minho Magister Tunae;1
GMR;1
@UMdicas\UMdicas-46-Entrevista5;1
Directora Departamento Comercial;1
Relações Externas;1
Belenenses;1
Serviços Técnicos de o Universidade de o Minho;1
Director de serviços;1
Director de Serviços;1
Direcção de Recursos Humanos de o Universidade;1
UM Boas Práticas;1
UNIVA;1
Unidade de Inserção em o Vida Activa;1
MELHOR ACADEMIA DO PAÍS;1
CESIUM;1
Coordenador Geral;1
Celebração de o Dia de o Residente;1
STEP;1
Lusófona;1
Católica Lisboa;1
Conselho Geral Nacional de Primavera de o ELSA Portugal;1
Academia minhoto;1
Tuna Académica de o Universidade Lusíada de o Porto;1
Preservatuna Tuna Universitária de Cork;1
Honda;1
Clube Fluvial Portuense;1
FOCA ˜Campeã Nacional de Juniores Femininos;1
Órgãos dirigente?;1
Plc's;1
Junta de Freguesia de S. Vítor;1
Associação Desportiva de Santa Tecla;1
Sida;1
Unidade de Psicologia de o Desporto?;1
Unidade?;1
Direcção de o Serviço;1
Comissão Directiva;1
r.G-;1
Científicos;1
International Federation Medical Students Associacion;1
IFMSA;1
Associação Nacional de Estudantes de Medicina;1
ANEM;1
TIP;1
TEUM;1
Rencontres Internationales Théàtre Universitaire;1
Grupo de Teatro?;1
CCG centro de Computação Gráfica;1
Sistema de Informação de o UM;1
Agência para o Sociedade de o Conhecimento;1
Sociedade de o Informação;1
VALIMAR Digital;1
Sistema Anti-Plágio;1
Dossier de Unidade Curricular;1
Departamento de Electrónica Industrial de o UMinho;1
Serviços de Acção Social de o UM;1
Electrónica Industrial em o;1
RoboParty;1
Departamentos Alimentar;1
Complexo Desportivo;1
Departamento de Electrónica Industrial;1
UMdicas-51-Entrevista4;1
Centro de Estudos de Administração Pública?;1
Comercial;1
Recreativo e Cultural;1
Câmara de o Técnicos Oficiais de contas;1
Finanças Locais;1
Financiamento de Parcerias Público – Privadas;1
ADEGE;1
Orquestra ARTAVE;1
Grupo de Fados de Coimbra Æminium;1
Orquestra Sinfonieta de Braga;1
Sindicato de Poesia;1
Valencia;1
Rádio Universitária de o Minho;1
Coro Sobre Azul;1
Academia de Música de Paços Brandão;1
Instituto de Estudos de o Criança de o Universidade de o Minho;1
Cultura de o Associação Académica de o Universidade de o Minho;1
Coro de o Universidade de o Minho;1
CAUM?;1
Comparticipação Comunitária;1
Conselho Estratégico de o UMinho;1
Governo;1
Sociedade de o Conhecimento;1
NECLUM Núcleo de Estudante de o Cursos de Letras de o Universidade de o Minho;1
Núcleo de Estudantes de o Cursos de Letras de o Universidade de o Minho;1
RR: renovação;1
UMDicas qual;1
Instituto de Letras e Ciências Humanas de o Universidade de o Minho;1
núcleos?;1
Com]Textos;1
Instituto Superior Técnico;1
Engenharia e Gestão Ambiental;1
EEP Award;1
VOC;1
Objectivos;1
Grupo de Fados de Coimbra de o Universidade de o Minho;1
Grupo de Cabeçudos Gigantones;1
Chefia de Missão;1
Tailandeses?;1
chefia de Missão;1
COP;1
@UMdicas\UMdicas-54-Entrevista3;1
TOTAL;1
Serviços Académicos de o UMinho;1
Direcção Geral;1
Departamento de Produção e Sistemas de o Universidade de o Minho;1
Liga Universitária;1
Instituição AAUMinho;1
SCBraga/;1
Câmara;1
CMUB;1
Presidente de o Comité Organizador de o CMUB;1
Associação Europeia de Desporto Universitário;1
CO de o Europeu Universitário de Voleibol;1
Europeu de Basquetebol Universitário;1
Internacionais de Portugal;1
Delegado Técnico de o FISU;1
Interesse Público Nacional;1
Opum Dei?;1
*Consideras o Velório;1
Ordem Profética?;1
Vitória de Guimarães;1
Sub-20;1
Roménia;1
estatuto;1
Assembleia de o Universidade;1
presidente de o;1
Mestrado de Informática de o UEM;1
Escola de Enfermagem de o UMinho;1
s sa;1
Universidade Pedagógica;1
CP1;1
G2;1
G3;1
Coordenação de o Qualidade;1
Comité de o Qualidade;1
Departamento de o Serviços de Acção Social;1
Consultores;1
equipa de Qualidade;1
u n Cion;1
r ios;1
DCC;1
Programa Operacional Temático de Valorização de o Território;1
POVT;1
Extensão Universitária de o Universidade de o Minho;1
European Association of Universities;1
EURHEO;1
Mestrado Europeu em Reologia;1
União Europeia Edulink;1
ACP;1
Universidades Brasileiras;1
Universidade de Cambridge;1
EAIE- European Association of Intenrational Education;1
IAU;1
International Association of Universities;1
Grupo Compostela de Universidades;1
Grupo Santander de Universidades;1
Gabinete de Apoio a Projectos;1
Penn State University;1
Universidades chinês;1
escola e Instituições internacional;1
Freie Universität Berlin;1
Gabinete de Relação Internacionais;1
i magem internacional de o;1
Top europeu;1
Guardian;1
Directora de o Serviços Académicos;1
Órgãos;1
VicePresidente de o Dep;1
aaum@aaum.pt;1
Gabinete de Actividade Desportivas de o Universidade de o Porto;1
GADUP;1
Tri;1
Organização e Comunicação;1
Comité organizador;1
CDU;1
Badminton;1
Karaté e;1
Karaté e Taekwondo;1
pa ra;1
Educação;1
Optometria e Enfermagem;1
Gabinete de Avaliação e Qualidade de o Ensino;1
ntigo s;1
Conselhos de Cursos;1
Direcções de Cursos;1
Alumni Medicina;1
* pesquisa Alumni;1
Universidad Autónoma de Barcelona;1
Mercè Masnou;1
ENAS;1
Univ de Barcelona;1
Licenciatura em Gestão?;1
UMdicas-64-Entrevista4;1
Residência Lloyd Braga;1
Blocos A;1
Departamentos de o Serviços de Acção Social;1
Unidades Alimentares de o SAS;1
Comunidade e Fornecedores de o GSI;1
Sistema de Gestão de o Qualidade de o GSI;1
Segurança e Saúde de o Trabalho;1
Serviços/Gabinetes de Informática;1
Intranet de o Universidade;1
Serviços e projecto;1
Fundação a cada;1
Directores de o Centros;1
Laboratórios Associados;1
Centros com Excelente;1
Associação Universidade-Empresa para o Desenvolvimento;1
Departamento de Formação Contínua;1
Associação Universidade Empresa para o Desenvolvimento;1
DGERT;1
Direcção-Geral de o Emprego e de o Relações de Trabalho;1
Empreendedorismo Universitário;1
Departamento de Transferência de Tecnologia de o TecMinho;1
Propriedade Industrial;1
Ciência & Tecnologia;1
Departamento de Formação Contínua de o TecMinho;1
Gabinete de Formação Contínua de o UM;1
Propriedade Intelectual;1
Departamento de Formação;1
Departamento de Empreendedorismo de o TecMinho;1
Agência Nacional para a Qualificação a o TecMinho;1
Conselho Administrativo;1
Universidade-Empresa CNO;1
Associação de Funcionários de o UM;1
serviço de Acção Social de o Universidade de o Minho;1
NAMGE;1
Núcleo de aluno?;1
Núcleo de Alunos em Marketing;1
Gestão Estratégica?;1
Clube de Empreendedorismo de o Universidade de o Porto;1
Federação Internacional de Desporto Escolar;1
Comissário Nacional de o Mocidade Portuguesa;1
União Internacional de Estudantes;1
Direcção Geral de o Desporto;1
Comité executivo de o FISU;1
ma ior;1
Técnico;1
Estad io Universitário;1
Procurador Geral de o República;1
Comité Executivo;1
Samaranch;1
Che Guevara;1
Director Geral de o Desportos;1
Direcção Geral de o Desportos;1
Ministro de o exército;1
Departamento de o Ensino de Chinês de Língua Estrangeira de o Ministério de o Educação de o China;1
Academia de o Universidade de o Minho;1
Tribunal de contas de Portugal;1
Línguas e Culturas Orientais;1
Institutos Confúcio de o Universidades;1
Nações;1
Intercâmbio;1
Actividades Interculturais “Hallerstein;1
Associação Europeia de Estudos Chineses;1
Cursos Livres de Chinês;1
Chinês?;1
EU;1
Agencia;1
Programa Operacional Sociedade de o Conhecimento;1
Universidade Técnica de o Lisboa e Hospitais de o Universidade de Coimbra;1
Agência para o Sociedade de o Conhecimento, IP;1
Programa Operacional de o Sociedade de o Conhecimento;1
Tradução de o Directivas;1
Digital Repository Infrastructure Vision for European Research;1
Universidade Técnica de Lisboa;1
Associação de Estudantes Superior de Enfermagem Calouste Gulbenkian;1
Associação de Estudantes?;1
Associação de estudante?;1
Seminário de Empregabilidade;1
ENEE;1
National Geographic;1
Olímpico de o Taekwondo nacional;1
Taekwondo nacional;1
Associação Crista de o Mocidade;1
Psicólogo Desportivo de o Universidade de o Minho;1
Livros Nacionais;1
Ano Novo;1
Federação Portuguesa de futebol;1
futebol Clube de Penafiel;1
Liga Portuguesa de Futebol Profissional?;1
Provedor de o Adepto;1
Vice-presidente de o associação académica de o Universidade de o Minho;1
sa í de o profissional;1
Vice-presidente de o Saídas profissional;1
at Le tas de o;1
s tr u tu ra;1
Instituto Politécnico de o Porto;1
CNU de Corta-Mato;1
Relatório de Actividades e Contas;1
Departamentos de o Serviços de Acção Social de o Universidade de o Minho;1
Gestão de Segurança Alimentar;1
Procedimentos;1
lg u;1
Medicina desportiva;1
Atendimento Médico Geral;1
Plano Operacional de Valorização de o Território;1
Técnicas de Procura Activa de Emprego;1
Workshops sobre Técnicas de Procura Activa de Emprego, Conferências;1
Serviços Alimentares de o SASUM;1
REFERÊNCIAL;1
SnackBar de o Congregados ?;1
Alumni UM;1
INPI;1
sa;1
Shell;1
Michelin;1
Alimentar Bar IV;1
Organização Mundial de Saúde;1
Direcção Geral de Saúde;1
Plano?;1
Direcção de Recursos Humanos;1
STEC;1
serviço e Escolas;1
Engenheira Química;1
Engenharia Química;1
Departamento Social?;1
Europeu de Andebol Universitário;1
Departamento Desportivo de o AAUMinho;1
academia;1
MIEB;1
Engenharia para o Futuro;1
Gabinete de Alunos de Engenharia Biomédica;1
Pode-nos;1
Alimentar Bar de Engenharia I;1
Alimentar Bar de o Congregados;1
Europeu de Juniores;1
Koryo;1
associação Portuguesa de certificação;1
Acção Social em o Ensino Superior;1
Nacional e Europeu;1
* Legumes;1
Bebidas;1
armazém de Gualtar;1
Campeão Nacional;1
tr e i em o r;1
Departamento de Comunicação, Divulgação e Imagem;1
Departamento de Apoio a Núcleo;1
Departamento de Saídas profissional;1
Grupo de Gigantones;1
Ramo de Especialização em Recursos Humanos e Gestão de o Formação por o UMinho;1
Direcção de Recursos Humanos de o Universidade de o Minho;1
A.C.M;1
i nda ten ho;1
Residência de o Bloco e;1
Uebe.q;1
Universidade de o Minho)e o TER;1
Direcção de o NITERUM;1
SONAE;1
CUF;1
CIN;1
NITERUM?;1
Civil e Escola de Ciências;1
TER?;1
Núcleo de o Associação Europeia de Estudantes de Direito;1
Seminários e Conferências, Marketing;1
Assembleia Geral de o Nações Unidas;1
Informática?;1
Direito?;1
Escola de Direito Pública de o País;1
Escola de Direito público;1
Direito de o Autarquias Locais;1
Direito de o Contratos;1
Direitos Humanos;1
Direito Tributário e Fiscal e Direito de o União Europeia;1
Estratégia de o Escola;1
Licenciatura em Direito;1
Profissões Forenses;1
Cursos Regulares de Actualização;1
Contratação Eletrónica;1
Direito de o Propriedade Intelectual;1
Departamento Pedagógico;1
Assembleia de Delegados;1
Departamento Pedagógico de o AAUM;1
Pró-Reitora de o Universidade de o Minho;1
pr es idente;1
Escola Ciências de o Saúde;1
i nda u m campeonato;1
Infraestrutura, Inovação e Projectos Especiais;1
Direcção de Tecnologia e Sistemas de Informação;1
Inovação;1
Universidade em o e v ento Gu i ma r ã;1
Capi ta l Europeia de o Cultura 2012;1
Escola de o Arquitectura;1
Psicologia e Sociologia;1
Departamento Autónomo;1
Estratégia de o Escola de Arquitectura;1
FTC;1
Centro de Estudos;1
UMdicas-82-Entrevista1;1
@UMdicas\UMdicas-82-Entrevista2.md*;1
Sector de Bolsas de o SASUM;1
Departamento Social – Bolsas;1
Departamento de Matemática para a Ciência e Tecnologia de o Escola de Ciências de o Universidade de o Minho;1
Escola de Ciências?;1
Ciências?;1
Escola de Ciências de o UMinho?;1
Estratégia de o Escola de Ciências;1
departamentos;1
Departamento de Economia de o Escola de Economia e Gestão de o Universidade de o Minho;1
Departamento de Gestão de o mesmo Escola;1
Ciências Económicas;1
Departamento de Saídas profissional e Empreendedorimo;1
Departamento de Saídas Profissionais e Empreendedorismo?;1
Departamento de Saídas profissional de o AAUM;1
Empregabilidade;1
Medidas de Emprego de o IEFP;1
Direcção de o;1
Gestão Técnica e Desportiva?;1
Serviço Desportivo de o UMinho;1
Serviço Desportivo;1
Vice Reitores;1
fórum de o Centros de Investigação;1
Gabinete de Apoio a projecto;1
Gabi ne te de;1
Serviço de Relações Internacionais;1
Agência de Avaliação e acreditação de o ensino Superior;1
Comissão de Estudos Artísticos;1
INL?;1
ILCH?;1
Centro de Estudos Humanísticos;1
Licenciatura em Estudos Orientais;1
Licenciatura em Línguas Aplicadas;1
Licenciatura em Música;1
ILCH de o UMinho?;1
estratégia de o ILCH;1
Gabinete de o administrador;1
Serviços?;1
Alimentação;1
Apoio Médico e Psicológico e Apoio;1
administrador;1
CAS;1
Acção Social de o Universidade de o Minho;1
Vice-Presidente de o Departamento Pedagógico de o AAUMinho;1
Escolas;1
Grupos Culturais de o Universidade;1
Campi;1
Cu r so;1
ESE?;1
Núcleo de Investigação em Enfermagem;1
Sistema Interno de Garantia;1
estratégia de o ESE;1
Sistema Interno de o Garantia de o Qualidade;1
ST;1
Tesouraria;1
Facturação e Controlo de Senhas;1
Conselho de Gestão de o SASUM;1
Vasco Leão;1
Departamento de Comunicação e Imagem;1
Regulamento;1
Direcção-Geral de o Ensino Superior;1
Grupos Culturais de o Universidade de o Minho;1
UMdicas-85-Entrevista5;1
Escola de Ciências de o Saúde de o UMinho;1
ens i;1
Serviços de Saúde;1
Unidade de Educação Médica de o Escola;1
NBME;1
Unidade de Investigação;1
FLAD;1
Escola Médica;1
Médicos;1
ECS?;1
escola;1
estratégia de o ECS;1
CCA;1
Associação Profissional de Médicos;1
Escola de ensino;1
Inclusão;1
Sistema de Informação de o SIGAQ- UM;1
SIGAQ-UM;1
Unidade Curricular;1
Unidade Orgânica de Ensino e Investigação;1
Cursos e Serviços;1
Sistema de Informação de o SIGAQ-UM;1
Carta de Progresso Institucional;1
Extensão;1
Gestão Universitária;1
comissão;1
Inclusão?;1
GPI;1
EEUM?;1
Escola de Engenharia?;1
Escolas e Departamentos;1
Escola para o Sociedade;1
Licenciatura em Arquitectura;1
Programa de Apoio Tutorial de o UMinho;1
Economia por o;1
Economia Europeia;1
Relatório de Gestão e contas;1
Plano de Actividades de o SASUM;1
Satisfação Global;1
IS;1
Actividades de o Departamento Desportivo e Cultural;1
Centros Médicos de o Campi;1
Presidente Escola de Economia e Gestão;1
Escola de Economia e Gestão de o Universidade de o Minho;1
presidente de Escola;1
Relações Internacionais e Economia;1
Escola de Negócios;1
estratégia de o EEG;1
Sector de Contabilidade e Gestão de Stocks SASUM;1
Sector de Contabilidade e Gestão de Stoks;1
Graduação em Contabilidade Pública de o Universidade Lusíada;1
Responsável de Unidade;1
Dra;1
Departamento de Ciências de o Comunicação;1
RTPN;1
aluno;1
Centros de Investigação;1
centro;1
Escolas de o UM;1
Educação e Educação Básica;1
Escola Secundária de Maximinos;1
Licenciatura em Medicina?;1
Instituto para a Biosunstentabilidade;1
fórum;1
Associação Académica de o UMinho;1
Núcleos de Investigação e Departamentos;1
Escola Universitária;1
Escola de Ciências Sociais;1
Ciências de o Comunicação, Geografia, História e Sociologia;1
Centro de Estudos de Comunicação e Sociedade;1
CITCEM;1
segurança?;1
Serviço Militar;1
departamento Alimentar;1
Universidade o Conselho Geral;1
universidade?;1
constituição de o nosso república;1
i mplementaç ã o;1
ESE- UM;1
Direcção de o Associação;1
Gabinete Cultural e Desportivo;1
Sector de Património de o SASUM;1
POCAL;1
Património?;1
IMPETUS;1
TNU's;1
Andebol Masculino Vice-Campeões Europeus;1
Futsal Masculino Vice- Campeões Europeus;1
Futsal Masculino?;1
Futsal Masculino e Voleibol Feminino;1
taekwondo;1
Taekwondo e Atletismo;1
Universidade de o Por to;1
Educação de o Criança;1
Programa;1
Agência de Avaliação A3ES;1
UNICEF;1
Sector de Secretariado Departamento Alimentar de o SASUM;1
Sector de secretariado de o Departamento Alimentar;1
Auditoria Alimentar;1
Auditora Interna;1
SGS;1
Sistema de Gestão de Segurança Alimentar;1
Unidades Alimentares;1
Ciências de o Comunicação;1
Engenharia Biológica;1
International Iberian Nanotechnology Laboratory;1
Processos Industriais;1
TICE;1
ICT;1
Espaço Europeu de Investigação;1
GAP-Gabinete de Apoio a projecto;1
Departamento Alimentar de o Serviços de Acção Social de o UMinho;1
Escola de Formação Turística de o Porto;1
Directora de o Escola Superior de Gestão;1
Direito de o Autarquias Locais de o Escola de Direito de o Universidade de o Minho;1
Comissão Directiva de o Mestrado;1
Regime Jurídico de o UMinho;1
Sector Apoio Técnico a o Responsável;1
Caixas;1
Directora de Serviços;1
Sistema de Gestão de o Qualidade de o DAF;1
Auxílio;1
Coadjuvar a Directora de Serviços de o DAF;1
@UMdicas\UMdicas-94-Entrevista3;1
Planeamento Estratégico de o SASUM;1
Sistema de Ensino Superior;1
Instituto Politécnico;1
Mestrado Internacional de Gestão de Desporto;1
Club 84;1
Braga Basquete Club;1
Mestrado Internacional;1
FIFA;1
CIES;1
Instituição Universitária;1
serviço Académicos;1
Universidade público;1
Grupo Compostela;1
Gabinete de Comunicação e Imagem;1
MCE;1
@UMdicas\UMdicas-96-Entrevista1;1
ESNA Higher Education News on October 12;1
Associação bom de o;1
Núcleos;1
Associação de Antigos Estudantes;1
Academia de o País;1
Engenharia Metalomecânica de o Universidade de o Minho;1
Metalomecânica de Braga;1
Tecnologias de Manufatura;1
Conceção de Estruturas;1
20000 Léguas Submarinas;1
Arcoense;1
UMdicas-97-Entrevista2;1
Departamento Comercial;1
CEM;1
Departamento de Operação e Manutenção de o Rede;1
Departamento Comercial de o CEM;1
Informática e Sistemas;1
Núcleo de Estudantes de Engenharia e Gestão Industrial de o UMinho;1
Gestão Industrial?;1
Parente;1
Grupo Aventura;1
Fernando;1
Náutico;1
PT Inovação;1
Televisão Interativa;1
ZX Spectrum;1
Direção-Geral de o Ensino Superior;1
Associações de Estudantes;1
Departamento Desportivo de o AAUMinho?;1
Divisão Nacional;1
Comités Organizadores;1
Recreativo;1
Sais de o Desportivo;1
Seleção de o Quinas;1
Seleção A.;1
Licenciatura em Ciências de o Comunicação?;1
Academia Minho;1
WUC de Xadrez;1
Viet Vo Dao;1
Seguro Escolar;1
Prazo Médio de Pagamentos;1
Formação e Gestão de Recursos Humanos;1
Conselho de Gestão;1
