PER;Oco
Lloyd Braga;23
Carlos Lloyd Braga;16
Vítor;12
Paula;10
Pedro Soares;9
Carlos Bernardo;8
Aníbal Alves;7
Henedina Antunes;6
Ana Cláudia Martins;6
Xaquín Núñez;5
Xurxo Fernández;5
Isabel Silva;5
Lourenço Marques;5
Lúcio Craveiro de o Silva;5
Lloyd;5
Chainho Pereira;5
Joaquim Barros;5
Dona;5
Orpheu;4
Ramón Villares;4
Pedro Dono;4
Barbosa Romero;4
Hernâni Maia;4
Sérgio Machado de o Santos;4
Helen Santos Alves;4
Carlos Pazos;3
Fernando Pessoa;3
Carlos Neves;3
Andreia Alves;3
Veiga Simão;3
Artur Norton;3
António M. Cunha;3
Carlos;3
Hélio Osvaldo Alves;3
Tomé Capa;3
Moisés de Lemos Martins;3
Hélder Carvalho;3
Cândida Vilarinho;3
Bruno Garim;3
Alfredo Guisado;2
Carlos Pazos Justo;2
Carlos Cunha;2
Rui Vieira de Castro;2
José Rodrigues de o Santos;2
Vítor Aguiar e Silva;2
Letras;2
Xurxo;2
Luís Rodrigues;2
Paula Cristina Martins;2
Andreia;2
Prof;2
Patrícia Santana;2
Manuel Vítor;2
Sandra Estêvão Rodrigues;2
Afonso;2
Fernando;2
Casa;2
João de Deus Pinheiro;2
Fátima Moura Ferreira;2
Richard Watson;2
Denis McQuail;2
Joseph Gonnella;2
Karen Luker;2
Licínio Chainho Pereira;2
Carlos Couto;2
Luís Couto Gonçalves;2
Cristo;2
D. Jorge Ortiga;2
Filipa Abreu;2
Plácido Domingo;2
Jose Carreras;2
Rui Veloso;2
James;2
Beethoven;2
Janine Jansen;2
Roman Polanski;2
Mahatma Gandhi;2
Olinda Oliveira;2
Gene Grossman;2
Moisés;2
Marx;2
BINGOs;2
José Vieira;2
Hertz;2
Isabel Cabral;2
Paulo Machado;2
Ana Francisca Azevedo;2
Angúria;2
Jorge Araújo;2
Rui Ralha;2
Mário de Sá Carneiro;1
Pierre Bourdieu;1
Itamar Even-Zohar;1
Alfredo Pedro Guisado;1
João de Lobeira;1
Domingos Dias Santos;1
Rosalía de Castro;1
Pessoa;1
Sá Carneiro;1
Pedro de Menezes;1
Casa Fernando Pessoa;1
Manuel Miguez;1
Elias Torres Feijó;1
Xaquín Núñez Sabarís;1
Ana Gabriela Macedo;1
Francisco Carballo-Cruz;1
Ikumi Oshigi;1
Reina Taki;1
Shiho Kudo;1
Ayaka Kobayaski;1
Shogo Oishi;1
Chihiro Kato;1
Akira Ota;1
Natividade Lopes;1
Heitor de Almeida;1
Mário Lima;1
Rosa Vasconcelos;1
Souad Massi;1
James Cameron;1
Bryan Adams;1
Fernando Groba;1
Mafalda Arnauth;1
Rosalía Pequeniña;1
Uxía Senlle;1
Vanesa Sotelo;1
Ayer;1
Marcial Pons;1
Franco;1
Rudyard Kipling;1
Max Weber;1
José Viriato Capela;1
Carlos Alberto Sousa Duarte Neves;1
Carlos Alberto;1
Cavaco Silva;1
Alberto Núñez Feijóo;1
Xurxo Fernández Carballido;1
Artigo Jornalístico Normalizador;1
Eladio Rodriguez;1
Sempe Xonxa;1
Chano Piñero;1
Mencia;1
Camões;1
Noddy;1
Henrique Santos;1
Altamiro Barbosa Machado;1
Miguel Torga;1
Tomás de Noronha;1
Robert Zemeckis;1
Deolinda;1
Ricardo Araújo Pereira;1
Carlos Alberto Moniz;1
Richard Zimler;1
Pedro Seromenho;1
Maria de o Céu Nogueira;1
Lídia Borges;1
Fernanda Santos;1
Zheng He;1
Karin Schäfer Figuren;1
Ren Hang;1
Lin Zhipeng;1
Pierre Bessard;1
Tomasz Lazar;1
Alberto Sampaio;1
Diogo de Sousa;1
Sociedade Martins Sarmento;1
Acreditar A.C. Malveira;1
Teresa Costa;1
Júlia Formosinho;1
Cândido Varela Freitas;1
Sara;1
Ana Gonçalves;1
Margarita Arantes;1
José Eduardo Agualusa;1
Claude Lelouch;1
Bill Evans;1
Miles Davis;1
Jacques Loussier;1
Tigran Hamasyan;1
Patricia Barber;1
Joe Pass;1
Dhafer Youssef Quartet;1
Rachmaninoff;1
Bach;1
Vivaldi;1
General Ramalho Eanes;1
Ferrenha;1
Patrícia;1
Hanna Chayka;1
Hanna;1
Marcela Maia;1
Maria Emília Moreira;1
Maria Emília Frias Pita Moreira;1
Carlos*;1
Maria Emília;1
José Correia Neves;1
Freitas de o Amaral;1
Pinto Machado;1
António Carneiro;1
Isabel Maria;1
Rosinha;1
Maria José Gusmão;1
Maria José Ramos;1
Lenine;1
Heitor Almeida;1
Nogueira de o Silva;1
Mendes Atanásio;1
Luís Mateus;1
Azeredo Perdigão;1
D. Duarte Nuno de Bragança;1
Maria Emília**;1
Gabriela;1
Cravo;1
Jorge Amado;1
Aniki Bóbó;1
Manoel de Oliveira;1
Zeca Afonso;1
Eduardo Marçal Grilo;1
António Guimarães Rodrigues;1
Carlos Silva;1
José Veiga Simão;1
Mário Sottomayor Cardia;1
Marçal Grilo;1
Friedel Sellschop;1
René Voltz;1
Mike Lumb;1
Santos Simões;1
Manuel Artur Norton;1
Luis Sousa Lobo;1
Machado de o Santos;1
Cátedras Lloyd Braga;1
Cátedra Lloyd Braga;1
Thomas Jefferson;1
Dan W. Urry;1
Marshall Stoneham;1
Ludo Kleitjens;1
Ruhr-Universitat Bochum;1
Cândido Varela de Freitas;1
Ives Gandra Martins;1
Michael Myers;1
Laura Cavalcante Padilha;1
Martha Elizabeth Shenton;1
Richard Blundell;1
Anne Lacaton;1
Jean Fhiippe Vassal;1
Física Geral;1
Convence-me;1
Nuno Saldanha;1
Gastroenterologia Pediátrica;1
Papa Francisco;1
papa;1
Jorge Bergoglio;1
Viriato;1
Manuel Barreto;1
Mendes Atanázio;1
D. Pedro V;1
Helen;1
Henrique Barreto Nunes;1
António Victorino d’Almeida;1
Kryzysztof Penderecki;1
Elisabete Matos;1
Benjamin Zander;1
Joazas Domarkas;1
Pedro Burmester;1
António Rosado;1
Paulo de Carvalho;1
Nuno Guerreiro;1
Mão Morta;1
Victorino d’Almeida;1
Antoine de Saint-Exupéry;1
Roberto Sousa;1
Ana Maria Soares;1
Menino Jesus;1
Cerejeira Fontes;1
Nuno capa;1
Victor Hugo Cardinali;1
António Ovídio;1
AFUM;1
Dan Brown;1
M. Carvalho de o Silva;1
S. Spielberg;1
Leonard Cohen;1
Nelson Mandela;1
Eusébio;1
Andreia Sofia Oliveira;1
Maria de o Glória Oliveira;1
Lola;1
Cabia-me;1
Helena Campos;1
D. Julieta;1
A. D. Lola;1
Novos Projetos de Ensino;1
Filipe Vaz;1
Contactologia Avançada;1
José Manuel González Meijome;1
Paula Costa;1
Vítor de Carapeços;1
Braga;1
Teresa Lino Neto;1
Vítor**;1
Shogun;1
James Clavell;1
Lana del Rey;1
Patrick Pichette;1
Paula**;1
James Watson;1
Olivier Nakache;1
Mark Zuckerberg;1
Booker Washington;1
Zélia Anastácio;1
Manuel Rocha Armada;1
Electra;1
Manuel José Rocha Armada;1
Francisco Veiga;1
David Ricardo;1
Filipa Soares;1
Filipa;1
Bowie;1
José Saramago;1
Thierry Frémaux;1
David Bowie;1
Jacob Viner Professor de o Universidade de Princeton;1
Manuel Caldeira Cabral;1
Elhanan Helpman;1
Leon Uris;1
Bob Welch;1
Marie Sklodowska-Curie;1
Euro-Atlântico;1
Júlia Costa;1
Professor Gene M. Grossman;1
Vergílio Ferreira;1
frei Bento Domingues;1
Francisco Salgado Zenha;1
Engels;1
Roland Sublon;1
Michel Foucault;1
António Costa Pinto;1
Salazar;1
Luís Reis Torgal;1
Foucault;1
José Augusto Mourão;1
Francisco Videira Pires;1
Sociologia de o Universidade de o Beira Interior;1
Sociologia de o Organizações;1
Pacheco Pereira;1
Anabela Carvalho;1
Sustentabilidade;1
Sara Pereira Vieira;1
Cordeiro;1
Alice Botelho;1
Miguel de Sousa Tavares;1
Sydney Pollack;1
André Paiva;1
Meire Santos;1
André Catarino;1
Bárbara Figueiredo;1
Simon Fraser;1
Jean Martin Rabot;1
Tozé Brito;1
Nuno Calado;1
Álvaro Costa;1
António Garcez;1
Eduardo Morais;1
Adolfo Macedo;1
Miguel Pedro;1
José Castro;1
Sérgio Castro;1
Vítor Rua;1
José Serra;1
Hélio Morais;1
João Santos;1
Victor Gomes;1
Pedro Carneiro;1
José Ribeiro;1
Américo de o Silva;1
Mariza;1
Carminho;1
José Mário Branco;1
Elvis Presley;1
Agostinho de o Silva;1
José Carlos Oliveira;1
Raul Ferreira;1
Paulo Cardoso;1
José Manuel Gonçalves;1
Raúl Ivónio;1
José Carlos Freitas;1
Mauro Fernandes;1
Trigueiros;1
Santos Pais;1
Sun Tzu;1
Schindler;1
Steven Spielberg;1
Brás;1
H. Balzac;1
PVC;1
Europa&C Kraft Viana;1
Sara Fernandes;1
Luís Soares Barbosa;1
Luís Paulo Santos;1
Paulo Novais;1
José Nuno Oliveira;1
José Soromenho-Ramos;1
CBMA de o UMinho;1
Martin Richards;1
orang asli;1
Marie Curie;1
Larry Page;1
Sergey Brin;1
Archie;1
Carolina Rodrigues;1
