VERBOS;Oco
ter;7840
fazer;3717
poder;2544
haver;2326
ser;1377
estar;1345
dar;1265
dizer;1257
querer;1196
trabalhar;1083
vir;978
saber;968
passar;882
dever;878
conseguir;876
ver;775
ir;750
continuar;684
criar;670
existir;667
desenvolver;663
achar;657
gostar;649
ficar;644
pensar;625
começar;564
conhecer;563
deixar;544
permitir;519
realizar;510
acabar;490
levar;464
chegar;460
encontrar;457
procurar;457
ajudar;451
entrar;441
falar;434
tentar;428
esperar;397
acontecer;394
viver;390
considerar;372
promover;372
pretender;368
surgir;335
manter;332
participar;331
estudar;329
contar;327
melhorar;325
contribuir;325
organizar;324
garantir;320
sentir;303
receber;301
representar;298
reconhecer;290
envolver;282
apresentar;279
acreditar;279
assumir;279
constituir;274
referir;273
tomar;270
aumentar;268
decorrer;264
colocar;258
integrar;248
tornar;243
crescer;242
apoiar;241
abrir;240
seguir;239
perceber;231
marcar;231
prestar;225
resolver;223
aprender;223
definir;220
mudar;219
trazer;218
cumprir;217
destacar;217
caracterizar;216
voltar;212
iniciar;211
significar;206
acompanhar;206
partir;205
elevar;200
afirmar;199
sair;199
oferecer;198
servir;198
responder;197
preparar;191
assegurar;191
atingir;191
precisar;190
funcionar;188
ganhar;182
escolher;180
proporcionar;179
andar;178
exigir;173
terminar;170
associar;169
motivar;168
implementar;164
gerir;158
relacionar;154
correr;153
parecer;150
incluir;148
tocar;146
mostrar;146
decidir;146
olhar;145
entender;145
ligar;144
alcançar;144
construir;142
reforçar;142
nascer;142
concretizar;137
ultrapassar;137
aceitar;136
conciliar;135
disponibilizar;134
determinar;133
chamar;133
ouvir;131
obter;131
perder;130
treinar;130
aprovar;129
tratar;129
praticar;129
tirar;128
partilhar;127
prever;127
resultar;126
avançar;124
obrigar;124
demonstrar;122
desempenhar;120
formar;119
coordenar;119
utilizar;118
defender;118
ocupar;117
dirigir;115
visar;114
aproveitar;112
depender;112
faltar;111
avaliar;110
lançar;110
respeitar;109
concorrer;108
compor;106
consolidar;106
usar;105
lidar;105
explicar;104
revelar;104
estabelecer;103
liderar;103
juntar;102
dedicar;102
facilitar;101
apostar;101
propor;100
analisar;99
divulgar;99
aparecer;98
convidar;97
pertencer;97
adquirir;96
conquistar;96
reduzir;96
alargar;96
verificar;95
acrescentar;95
concluir;94
corresponder;94
aplicar;92
frequentar;92
identificar;90
investir;90
jogar;90
produzir;89
atribuir;89
pagar;89
pedir;89
ler;89
gerar;88
valorizar;87
alterar;85
implicar;85
acolher;83
necessitar;82
evoluir;80
apontar;80
afetar;79
enfrentar;79
exercer;79
transmitir;78
interessar;77
sofrer;77
lembrar;76
arranjar;76
escrever;75
diferenciar;74
reunir;74
esquecer;73
financiar;73
possuir;72
potenciar;72
orientar;71
lir;71
valer;71
adaptar;70
ocorrer;70
vencer;70
consistir;70
eleger;69
julgar;69
pôr;69
caber;69
competir;69
optar;68
Existir;67
ensinar;66
publicar;66
atuar;66
parar;66
efetuar;66
elaborar;65
discutir;64
compreender;63
experimentar;63
encarar;62
ingressar;62
limitar;62
especializar;60
merecer;60
inserir;60
fechar;59
anunciar;59
admitir;58
recordar;58
conseguesr;57
desenvolvir;57
controlar;57
deslocar;56
federar;56
traduzir;56
lutar;56
costumar;56
cantar;56
colaborar;56
efectuar;56
aproximar;55
realçar;55
qualificar;55
registar;55
planear;54
fundar;54
beneficiar;54
atravessar;54
informar;53
suportar;53
assistir;53
refletir;52
incentivar;52
focar;52
introduzir;52
prosseguir;52
classificar;52
condicionar;52
salientar;51
diminuir;51
presidir;51
desejar;51
acrescer;51
programar;50
subir;49
crer;49
comprar;49
evitar;48
sustentar;48
comparar;48
percorrer;48
atrair;48
explorar;48
instalar;48
alimentar;48
dir;48
celebrar;47
combater;47
assinar;47
confrontar;47
privilegiar;47
contactar;46
adotar;46
fornecer;46
importar;46
dispor;46
aliar;46
contratar;46
preocupar;46
vier;46
superar;46
diversificar;46
esclarecer;45
regressar;45
destinar;45
desistir;45
imaginar;45
distinguir;44
aprofundar;44
brincar;44
fomentar;44
traçar;44
comunicar;43
confirmar;43
basear;43
impor;42
conduzir;42
apanhar;42
renovar;42
sublinhar;41
abordar;41
visitar;41
quer;41
designar;41
empenhar;41
comandar;41
adequar;41
enquadrar;41
viajar;41
abraçar;41
retirar;40
vejor;40
indicar;40
enviar;40
notar;40
completar;40
moldar;40
transformar;39
comprometer;39
descobrir;39
recomendar;39
reclamar;39
solicitar;39
mobilizar;38
demorar;38
doutorar;38
recorrer;38
fixar;38
possibilitar;37
atender;37
variar;37
nomear;37
prejudicar;37
pensasr;37
perguntar;36
dinamizar;36
influenciar;36
comer;36
aceder;36
afectar;36
votar;35
entregar;35
inovar;35
preencher;35
declarar;34
interagir;34
equilibrar;34
conversar;33
arrancar;33
mencionar;33
cortar;33
deparar;33
articular;33
assinalar;32
requerer;32
proceder;32
licenciar;32
puder;32
colmatar;31
unir;31
estimular;31
mandar;31
abranger;31
aderir;31
direcionar;31
sintar;31
conviver;31
emitir;31
cair;31
meter;31
projectar;31
satisfazer;31
englobar;30
executar;30
adiantar;30
dotar;30
concernir;30
preferer;30
adoptar;30
candidatar;29
montar;29
desenhar;29
repetir;29
conferir;29
misturar;29
rondar;29
auxiliar;29
buscar;29
adorar;29
justificar;28
estender;28
impedir;28
finalizar;28
estruturar;28
causar;28
recolher;28
provocar;28
morar;28
casar;28
dividir;27
debater;27
observar;27
atualizar;27
sentar;27
evidenciar;27
comemorar;27
bastar;27
ajustar;27
gravar;27
complicar;27
actuar;27
apelar;26
custar;26
agradecer;26
agir;26
descrever;26
afastar;26
centrar;26
reagir;26
abandonar;26
acumular;26
antecipar;25
durar;25
cativar;25
usufruir;25
preservar;25
incutir;25
retomar;25
projetar;25
situar;25
disputar;25
transferir;25
virar;25
houver;25
distribuir;25
arriscar;25
repensar;24
premiar;24
manifestar;24
confessar;24
senter;24
concordar;24
gastar;24
prometer;24
levantar;24
carenciar;24
submeter;24
bater;24
concentrar;23
relembrar;23
constar;23
cobrir;23
caminhar;23
estabelecir;23
lecionar;23
expor;23
incrementar;23
recuperar;23
assentar;23
morrer;23
alinhar;23
jantar;23
mexer;23
operar;23
captar;22
falhar;22
sonhar;22
promovir;22
veer;22
ensaiar;22
agregar;22
provar;22
residir;22
alugar;22
agradar;22
calhar;21
ambicionar;21
constatar;21
fortalecer;21
orgulhar;21
rever;21
despertar;21
corrigir;21
alojar;21
substituir;20
expressar;20
tiver;20
errar;20
confiar;20
dificultar;20
impulsionar;20
aguardar;20
dormir;20
constituír;20
concorrir;20
culminar;20
permanecer;20
acordar;20
tender;20
guardar;20
ponderar;20
chorar;20
reflectir;20
graduar;20
inscrever;19
questionar;19
intervir;19
reivindicar;19
concluír;19
inaugurar;19
trouxer;19
submetir;19
conjugar;19
depositar;19
certificar;19
investigar;19
favorecer;19
compensar;19
reconhecir;19
cultivar;19
editar;19
cometer;19
aguentar;19
pesar;19
requisitar;19
habituar;18
enriquecer;18
pautar;18
cuidar;18
abdicar;18
saltar;18
almoçar;18
contemplar;18
puxar;18
perspetivar;18
passear;18
minimizar;18
delinear;18
arrecadar;17
criticar;17
descurar;17
Promover;17
convocar;17
espalhar;17
fugir;17
reportar;17
transportar;17
zelar;17
sinalizar;17
expandir;17
der;17
prender;17
adiar;17
penalizar;17
internacionalizar;17
isolar;16
consultar;16
consigir;16
localizar;16
Dar;16
alertar;16
guiar;16
desafiar;16
inspirar;16
divertir;16
encaminhar;16
denominar;16
restar;16
sobrar;16
ceder;16
fizer;16
proteger;16
Trabalhar;16
recrutar;16
preferir;16
Ter;16
Fazer;16
contrariar;15
entrevistar;15
cansar;15
incorporar;15
comprometir;15
aconselhar;15
prevenir;15
requerr;15
protagonizar;15
acarretar;15
encerrar;15
consumir;15
difundir;15
vestir;15
rodear;15
reservar;15
facultar;15
materializar;15
providenciar;15
reparar;15
libertar;15
solucionar;15
vender;15
combinar;15
actualizar;15
apreciar;15
ministrar;15
consigar;14
sugerir;14
sensibilizar;14
pegar;14
envolvar;14
escolhar;14
Poder;14
lamentar;14
agravar;14
conseguirr;14
complementar;14
adicionar;14
relevar;14
personalizar;14
mantiver;14
selecionar;14
monitorizar;14
desencadear;14
desfrutar;14
equacionar;14
inverter;14
fiquar;14
sujeitar;14
aperceber;14
estagiar;14
podesr;14
comprovar;14
cruzar;14
deitar;14
interpretar;14
coincidir;13
advémr;13
distribuír;13
encabeçar;13
capacitar;13
convencer;13
acelerar;13
dançar;13
apaixonar;13
imobilizar;13
desligar;13
estipular;13
fundamentar;13
transitar;13
aferir;13
ouver;13
romper;13
inventar;13
contabilizar;13
suscitar;13
estabilizar;13
rentabilizar;13
regulamentar;13
supor;13
reinventar;13
recusar;12
proibir;12
prolongar;12
construír;12
quebrar;12
alocar;12
reafirmar;12
tencionar;12
Continuar;12
simbolizar;12
deixor;12
mover;12
encher;12
negar;12
otimizar;12
progredir;12
originar;12
excluir;12
impactar;12
perpetuar;12
poupar;12
posicionar;12
reformar;12
antever;12
encomendar;12
baixar;12
validar;12
resumir;12
seleccionar;12
devir;12
adquir;11
reiterar;11
comportar;11
trocar;11
somar;11
contribuír;11
simplificar;11
carregar;11
sobreviver;11
emigrar;11
emergir;11
entusiasmar;11
salvaguardar;11
agilizar;11
oferecir;11
devolver;11
conceber;11
suceder;11
aliviar;11
resolvir;11
reestruturar;11
reeleger;11
impressionar;11
encarregar;11
incluír;11
avizinhar;11
quiser;11
estreitar;11
rodeiar;11
matar;11
fascinar;11
formular;11
iniciastar;11
duplicar;11
primar;11
compatibilizar;11
Garantir;11
citar;11
continuarer;11
preenchir;10
denunciar;10
detetar;10
conter;10
for;10
carecer;10
atrasar;10
cozinhar;10
reprovar;10
comparticipar;10
debatir;10
endereçar;10
remunerar;10
taekwor;10
empossar;10
apelidar;10
requerir;10
envolvir;10
formalizar;10
esconder;10
sagrar;10
exprimir;10
instituir;10
abusar;10
enveredar;10
comeceir;10
surpreender;10
perseguir;10
corrir;10
leccionar;10
batir;10
conseguistir;10
assentir;10
perdurar;10
acomodar;10
descrevir;10
direccionar;10
esgotar;9
encaixar;9
clarificar;9
apertar;9
percecionar;9
regular;9
esforçar;9
enfatizar;9
ressaltar;9
resistir;9
solidificar;9
tutelar;9
homenagear;9
rejeitar;9
acertar;9
arrastar;9
matricular;9
encorajar;9
pintar;9
anteceder;9
dominar;9
edificar;9
replicar;9
esquecir;9
queixar;9
autorizar;9
averiguar;9
testemunhar;9
ampliar;9
diferir;9
acentuar;9
hesitar;9
admirar;9
intensificar;9
queríar;9
percebar;9
conceder;9
imprimir;9
separar;9
propiciar;9
colher;9
apetecer;9
interligar;9
agarrar;9
modificar;9
habilitar;9
generalizar;9
responsabilizar;9
procedir;9
enunciar;9
renascer;9
acarinhar;9
dialogar;8
caraterizar;8
espelhar;8
detalhar;8
auscultar;8
eliminar;8
reabilitar;8
deter;8
desaparecer;8
ignorar;8
trilhar;8
avisar;8
acusar;8
doar;8
encantar;8
animar;8
negociar;8
propuser;8
equipar;8
querar;8
figurar;8
condenar;8
desconhecer;8
apropriar;8
pronunciar;8
recompensar;8
agendar;8
competer;8
reverter;8
reviver;8
contornar;8
privar;8
intitular;8
conhecir;8
enquadr;8
enraizar;8
honrar;8
Haver;8
gozar;8
estimar;8
arrepender;8
descansar;8
lavar;8
modernizar;8
aperfeiçoar;8
racionalizar;8
absorver;8
centralizar;8
restringir;8
referenciar;8
Realizar;8
firmar;8
optimizar;8
Elaborar;8
atribuír;8
incidir;8
perspectivar;8
percorrir;8
correspondir;8
ousar;8
operacionalizar;8
apurar;8
abarcar;8
viabilizar;8
travar;7
aprendar;7
pesquisar;7
testar;7
extinguir;7
trajar;7
poderíar;7
defendir;7
cometir;7
chover;7
experienciar;7
vivenciar;7
canalizar;7
vincar;7
forçar;7
consumar;7
cooperar;7
desmistificar;7
jubilar;7
dispensar;7
galardoar;7
descer;7
festejar;7
Gualtar;7
relatar;7
revisitar;7
derrotar;7
Estar;7
Criar;7
ressalvar;7
disfarçar;7
desvalorizar;7
sediar;7
degradar;7
pretendar;7
falecer;7
Tentar;7
pisar;7
beber;7
acedir;7
efetivar;7
governar;7
namorar;7
fabricar;7
exerçor;7
derivar;7
chumbar;7
disciplinar;7
processar;7
duvidar;7
prezar;7
enumerar;7
consider;7
vocacionar;7
presenciar;7
reavivar;7
esqueçar;7
far;7
comentar;6
percebir;6
exiger;6
preconizar;6
consciencializar;6
recandidatar;6
começár;6
Saber;6
albergar;6
supervisionar;6
interromper;6
salvar;6
estrear;6
paguar;6
concedir;6
estagnar;6
ultimar;6
sintir;6
apagar;6
angariar;6
acautelar;6
suspender;6
desviar;6
regularizar;6
reencaminhar;6
percar;6
arrumar;6
vivir;6
segurar;6
emprestar;6
entreter;6
qoiser;6
leior;6
educar;6
respirar;6
empregar;6
patrocinar;6
detectar;6
herdar;6
encetar;6
alicerçar;6
rir;6
chatear;6
reformular;6
evoluír;6
encar;6
ar;6
idealizar;6
Posser;6
alavancar;6
requalificar;6
satisfazr;6
anular;6
Gerir;6
persistir;6
subsidiar;6
procurarer;6
assimilar;6
consubstanciar;6
balancear;6
reger;6
vinr;6
vibrar;6
louvar;6
constróir;6
subordinar;6
poderer;6
creditar;6
obedecer;6
contaminar;6
invadir;5
imperar;5
felicitar;5
escutar;5
fiscalizar;5
consagrar;5
contestar;5
priorizar;5
congelar;5
advogar;5
rematar;5
ocorrir;5
aquecer;5
legitimar;5
converter;5
ditar;5
compreer;5
envelhecer;5
ameaçar;5
afixar;5
explicitar;5
desperdiçar;5
exercitar;5
sorrir;5
desvendar;5
confeccionar;5
remetir;5
insistir;5
circundar;5
descodificar;5
alegrar;5
convergir;5
gostávar;5
coadjuvar;5
elegeur;5
sabesr;5
redefinir;5
sucedir;5
Tornar;5
direr;5
contextualizar;5
er;5
incomodar;5
interiorizar;5
minorar;5
Conhecer;5
delegar;5
souber;5
mentir;5
agradeçar;5
suprir;5
Permitir;5
habitar;5
têr;5
despachar;5
castigar;5
engraçar;5
armar;5
detestar;5
costumer;5
abrandar;5
por;5
voar;5
dormer;5
ponhar;5
adivinhar;5
publicitar;5
cimentar;5
subcontratar;5
activar;5
Verificar;5
Apoiar;5
vincular;5
Organizar;5
baseiar;5
interager;5
vingar;5
comercializar;5
despir;5
maximizar;5
falor;5
cedir;5
administrar;5
atestar;5
recebir;5
aspirar;5
veicular;5
adquirer;5
urger;5
patentear;5
disponhar;5
cancelar;5
atendir;5
despender;5
trar;5
seguer;4
acabor;4
recriar;4
imitar;4
comecer;4
fragilizar;4
podir;4
assolar;4
atacar;4
piorar;4
prometir;4
começarer;4
divergir;4
atenuar;4
argumentar;4
redigir;4
elogiar;4
ostentar;4
afinar;4
possuar;4
simular;4
equivaler;4
defrontar;4
elencar;4
remontar;4
apadrinhar;4
identifiquar;4
mestrar;4
perdir;4
reconstituir;4
impossibilitar;4
mantir;4
totalizar;4
ficor;4
induzir;4
nortear;4
sancionar;4
refleter;4
calcular;4
restaurar;4
destruir;4
stressar;4
dávar;4
esticar;4
medir;4
globalizar;4
Estudar;4
mantenhor;4
caír;4
ofender;4
humilhar;4
fluir;4
sinter;4
manipular;4
desprezar;4
reorganizar;4
melhor;4
alhear;4
germinar;4
safar;4
atentar;4
desanimar;4
desmontar;4
desconfiar;4
entror;4
relaxar;4
podar;4
prover;4
moreer;4
procurer;4
reuner;4
Esperar;4
copiar;4
isr;4
amar;4
disser;4
convir;4
prescindir;4
desdobrar;4
preceder;4
Potenciar;4
denotar;4
esbater;4
conectar;4
respondir;4
deixarr;4
pratiquar;4
Proceder;4
cooptar;4
descentralizar;4
server;4
avultar;4
repousar;4
sacrificar;4
concertar;4
prevejor;4
coadunar;4
quantificar;4
sistematizar;4
acolhir;4
pressionar;4
congregar;4
notor;4
descontrair;4
coloquar;4
contratualizar;4
produzer;4
balizar;4
•Elaborar;4
familiarizar;4
Passar;4
redobrar;4
entendir;4
retribuir;4
confinar;4
condecorar;4
continuer;4
diplomar;4
advir;4
repor;4
empreender;4
aplaudir;4
hostilizar;4
exteriorizar;4
temer;4
tentár;3
avancar;3
apreender;3
exemplificar;3
Aproveitar;3
Aumentar;3
debruçar;3
negligenciar;3
subscrever;3
culpar;3
mencioneer;3
Começar;3
Perceber;3
autonomizar;3
exaltar;3
Referir;3
discursar;3
falecir;3
pender;3
preveer;3
erguer;3
alegar;3
contagiar;3
cessar;3
protegir;3
calendarizar;3
elucidar;3
enaltecer;3
Lidar;3
tecer;3
Ficar;3
Oferecer;3
proferir;3
frisar;3
revalidar;3
exibir;3
assediar;3
reproduzir;3
oficializar;3
divider;3
elegir;3
bombardear;3
digitalizar;3
interrompir;3
mobilar;3
decorar;3
redirecionar;3
cobrar;3
revertir;3
retratar;3
reter;3
cumprer;3
recuar;3
interer;3
gritar;3
Apostar;3
convivor;3
obtiver;3
disparar;3
metar;3
tremer;3
empurrar;3
vindar;3
perpassar;3
assister;3
cobrer;3
mentorar;3
quererr;3
distanciar;3
transcrever;3
socializar;3
requer;3
refazer;3
repercutir;3
exagerar;3
saturar;3
Pertencer;3
retornar;3
trabalhávar;3
conotar;3
ascender;3
reconstruir;3
equiparar;3
vinhr;3
colar;3
queimar;3
baralhar;3
conhecíar;3
transpor;3
suponhar;3
ordenar;3
suprimir;3
estrar;3
multiplicar;3
regredir;3
render;3
Acompanhar;3
saír;3
desatar;3
jurar;3
cheirar;3
largar;3
conseguíar;3
acudir;3
metir;3
credenciar;3
assar;3
repartir;3
refinar;3
assaltar;3
legalizar;3
arrebentar;3
sobrecarregar;3
decider;3
tardar;3
impostar;3
aportar;3
instituír;3
redescobrir;3
segmentar;3
Têr;3
disfrutar;3
conferer;3
mandatar;3
rececionar;3
pretendemosr;3
traduzer;3
relativizar;3
menorizar;3
noticiar;3
comparecer;3
Fornecer;3
encarer;3
aderer;3
trazir;3
deteriorar;3
imprimer;3
meder;3
constituar;3
pronto-a-vestir;3
ajuda-nor;3
configurar;3
configur;3
assumor;3
ilustrar;3
excetuar;3
aprimorar;3
campus de Gualtar;3
intervencionar;3
aventurar;3
atempar;3
esclarecir;3
revitalizar;3
deverer;3
estiver;3
reativar;3
recomeçar;3
cientificar;3
digir;3
amadurecer;3
mitigar;3
defraudar;3
corporizar;3
sobrepor;3
despedir;3
inibir;3
vislumbrar;3
escapar;3
digaer;3
deveser;3
diminuír;3
especificar;3
implantar;3
deliciar;3
concebir;3
recolhir;3
abater;3
declamar;3
escalar;3
desister;3
movimentar;3
incumber;3
subsistir;3
Voltar;3
desajustar;3
consolidir;3
desfavorecir;3
Cumprir;3
limar;3
Encontrar;3
constrangir;3
filiar;3
usufruar;3
compar;3
esperer;3
lograr;3
tragir;3
mediar;3
moderar;3
Passear;3
aposentar;3
reconduzir;3
frustrar;3
prevalecer;3
reinar;3
gostaríar;3
dimensionar;3
conceituar;3
inquietar;3
interrogar;3
Licenciar;3
regir;3
Divulgar;3
rumar;3
opor;3
tudar;3
despor;3
aferer;3
compactar;2
desabafar;2
mapear;2
perturbar;2
triplicar;2
encurtar;2
Falar;2
aprecier;2
planeiar;2
fundir;2
divulguar;2
colorir;2
Alargar;2
vigorar;2
revigorar;2
especular;2
Aproximar;2
anexar;2
desfazer;2
Apresentar;2
padecer;2
transgredir;2
democratizar;2
aludir;2
empobrecer;2
Ajudar;2
extravasar;2
curtir;2
abolir;2
leva-nor;2
Motivar;2
estacionar;2
dissestar;2
enfraquecer;2
despoletar;2
ingerir;2
reutilizar;2
abrer;2
angar;2
assumer;2
abrangir;2
reciclar;2
cursar;2
amplificar;2
dissociar;2
fortificar;2
Faltar;2
golear;2
sobressair;2
recear;2
semear;2
fornecir;2
calar;2
descartar;2
alongar;2
Ligar;2
transbordar;2
erradicar;2
incitar;2
profissionalizar;2
consideror;2
arrendar;2
ultrapar;2
desfilar;2
entoar;2
arquivar;2
precisasr;2
consger;2
invistar;2
arrasar;2
odiar;2
escrevar;2
impeçer;2
arquitetar;2
provir;2
conformar;2
transparecer;2
mergulhar;2
Depender;2
subestimar;2
desmoralizar;2
botar;2
excluír;2
retir;2
participár;2
peder;2
descrevar;2
dear;2
recolhiar;2
codificar;2
aprendir;2
terer;2
desbravar;2
compartilhar;2
ador;2
partilhassesr;2
indefinir;2
emocionar;2
anos</year;2
arreper;2
desmotivar;2
tar;2
Definir;2
migrar;2
soletrar;2
seriar;2
recém-licenciar;2
reaver;2
reencontr;2
estudávar;2
entrastir;2
expulsar;2
continuár;2
conseguer;2
atropelar;2
chamávar;2
sentíar;2
rapar;2
danar;2
Acabar;2
atribular;2
Chegar;2
atrever;2
engravidar;2
acampar;2
adormeçer;2
adormecer;2
ceifar;2
letrar;2
devotar;2
lavrar;2
pertencir;2
fingir;2
parafrasear;2
prepar;2
ouçar;2
mexiar;2
enviávar;2
atraer;2
atar;2
descender;2
deviar;2
biber;2
aturar;2
marginalizar;2
morder;2
rezar;2
reestruturár;2
rebentar;2
descasar;2
engraxar;2
dependurar;2
arejar;2
perdoar;2
descontar;2
decretar;2
construar;2
fizestar;2
amargurar;2
inscreverar;2
rebolar;2
distrair;2
povoar;2
tenter;2
desesperar;2
brincávar;2
vester;2
caseer;2
secretariar;2
aviar;2
Parecer;2
vedar;2
partilhávar;2
ancorar;2
resistirer;2
navegar;2
desmaterializar;2
Escolher;2
seduzer;2
ambicionor;2
assumistir;2
conheçir;2
dignificar;2
dedicer;2
ger;2
rápir;2
vejar;2
espartilhar;2
canalisar;2
confecionar;2
universalizar;2
anseiar;2
alarguir;2
Manter;2
dependir;2
dispõer;2
indeferir;2
refletirr;2
decrescer;2
Preparar;2
Participar;2
Controlar;2
demostrar;2
reputar;2
cristalizar;2
precipitar;2
Liderar;2
organizarer;2
medeiar;2
custear;2
abracar;2
revogar;2
menosprezar;2
exportar;2
contávar;2
Zelar;2
Significar;2
tatuar;2
estranhar;2
tipificar;2
Efetuar;2
premeiar;2
lecioneer;2
compilar;2
sobrevalorizar;2
usufruír;2
pugnar;2
acamar;2
capitalizar;2
Arrecadar;2
escriturar;2
Planear;2
conquistár;2
super;2
tripular;2
aliciar;2
esperávar;2
pecar;2
caiar;2
discorrer;2
encolher;2
pedalar;2
larguar;2
descontextualizar;2
invocar;2
rechear;2
afirmor;2
estragar;2
adjudicar;2
absorvir;2
conceptualizar;2
reposicionar;2
contender;2
desagregar;2
transcender;2
promor;2
interconectar;2
devolvir;2
uner;2
diluir;2
planificar;2
encarnar;2
vivar;2
roubar;2
sufragar;2
Abraçar;2
fotografar;2
conduzer;2
prédefiner;2
despontar;2
granjear;2
desistar;2
conturbar;2
predominar;2
homologar;2
consagr;2
extrapolar;2
excedir;2
sintonizar;2
Montar;2
cogitar;2
creiar;2
Considerar;2
acoplar;2
bemestar;2
foquar;2
intercursar;2
Bater;2
admitar;2
previr;2
brilhar;2
realizár;2
desenvolvíar;2
dediqueer;2
documentar;2
reser;2
joguar;2
adorer;2
desfavorecer;2
habituour;2
cotar;2
Dever;2
obstaculizar;2
aforrar;2
Mostrar;2
enterrar;2
desenrolar;2
Afirmar;2
tapar;2
asseverar;2
descuidar;2
possuír;2
incumbir;2
Iniciar;2
terceirizar;2
datar;2
desejaríar;2
trager;2
regozijour;2
esboçar;2
lucrar;2
estrangular;2
paralisar;2
substituír;2
desburocratizar;2
Reforçar;2
difunder;2
resgatar;2
tentarar;2
Assumir;2
embelezar;2
afigurar;2
pressupor;2
oscilar;2
Ir;2
evocar;2
liberar;2
refirar;2
deferir;2
reequacionar;2
desacelerar;2
Surgeer;2
entrelaçar;2
prantear;2
vigiar;2
brindar;2
banhar;2
acariciar;2
pilotar;2
prescir;2
esperançar;2
aquecir;2
preciser;2
expedir;2
tir;2
recolocar;2
encontrastir;2
encontrastar;2
ausentar;2
incompreendir;2
universíar;2
perseguer;2
Viajar;2
remar;2
suir;2
requererar;2
rasgar;2
emanar;2
embarcar;2
apaguar;2
pósgraduar;2
accionar;2
recorrar;2
Tirar;2
almejar;2
extrair;2
doer;2
teimar;2
mentar;2
descobertar;2
desperceber;2
redireccionar;2
sobreexpander;2
prestigiar;2
Aprofundar;2
ajuizar;2
desmanchar;2
panar;2
distingor;2
Aprender;2
interactuar;2
expander;2
izar;2
depreender;2
Querer;2
apalpar;1
triunfar;1
preferíar;1
imortalizar;1
recrir;1
Jacinta Sampaio- querer;1
relegar;1
discordar;1
expectar;1
revir;1
ansiar;1
inadaptar;1
deveríar;1
cabecilhar;1
advogarr;1
combatir;1
receiar;1
desmentir;1
prefirer;1
reeleitir;1
deliberar;1
Interpretar;1
desrespeitar;1
conflituar;1
embeber;1
vocalizar;1
abonar;1
bem-intencionar;1
proíber;1
abster;1
manietar;1
glorificar;1
sufocar;1
relembr;1
deveriar;1
indiferenciar;1
Arranjar;1
contrastar;1
surpreendir;1
desocupar;1
propagar;1
embalar;1
pular;1
ludibriar;1
blindar;1
acatar;1
Estimular;1
alastrar;1
referistir;1
subdelegar;1
eleitar;1
Inserir;1
ecoar;1
bordar;1
ferir;1
volvir;1
escazrr;1
Promovir;1
enlatar;1
fresar;1
sintetizar;1
reintegrar;1
voluntariar;1
reflitir;1
amortecer;1
triparter;1
replantar;1
Restar;1
sumir;1
infetar;1
imacular;1
sugerer;1
recair;1
diferer;1
ritmar;1
homogeneizar;1
polir;1
haverer;1
visualizar;1
cofundar;1
desconhecir;1
escasseiar;1
discuter;1
modifiquar;1
lépir;1
autorregular;1
sabotar;1
convertir;1
fadar;1
Representar;1
Pedir;1
Admitir;1
reabrir;1
interferir;1
esforcar;1
contir;1
adir;1
válir;1
performar;1
Decorrer;1
Daniela Amorim- pretender;1
informalizar;1
expuserr;1
criminalizar;1
desatualizar;1
Recordar;1
amontoar;1
atrapalhar;1
colidir;1
rotular;1
instruír;1
descredibilizar;1
Lutar;1
Mudar;1
concorr;1
vergar;1
parter;1
ocultar;1
compete-nosr;1
sabeser;1
inspir;1
desejasr;1
desabar;1
location ser;1
providar;1
decidedr;1
evoluirr;1
parabenizar;1
insurgir;1
barrar;1
reembolsar;1
protestar;1
continuarr;1
filtrar;1
transcendar;1
ponhor;1
atingiar;1
acabasr;1
Seguir;1
subísser;1
façar;1
há-der;1
preenchiar;1
percebesr;1
ater;1
Contar;1
verer;1
Juntar;1
exister;1
érar;1
vestíar;1
recursar;1
nadar;1
tentávar;1
juntávar;1
recebíar;1
traziar;1
plantar;1
escavar;1
aprofunder;1
teríar;1
UM eu ver;1
arranjávar;1
interajir;1
ocasionar;1
observor;1
fermentar;1
coletar;1
abafar;1
batalhar;1
candidateer;1
estuper;1
renunciar;1
interpelar;1
lembrarásr;1
pder;1
fuçar;1
"type=""opinion"">estar";1
atingir</year;1
junho</year;1
popular;1
falarer;1
legendar;1
ouvíar;1
saer;1
datilografar;1
eu vir;1
escolhir;1
reemergir;1
sofrir;1
indigitar;1
acometir;1
contra-puserar;1
Ensinar;1
redesenhar;1
doutoranr;1
orientor;1
não.</entrevistar;1
filmar;1
fartar;1
trepar;1
concebar;1
convivíar;1
Foiter;1
molhar;1
vazar;1
andávar;1
mentalizar;1
telefonar;1
dobrar;1
diriger;1
emendar;1
aguardávar;1
amadrinhar;1
mudávar;1
encontrár;1
escondir;1
agitar;1
caducar;1
mereçar;1
disse:-r;1
exijir;1
segregar;1
amadurar;1
ondepassar;1
proclamar;1
retrógrar;1
cheguar;1
enfronhar;1
flutuar;1
escolhíar;1
sedebruçassar;1
assimchegar;1
especar;1
viessepar;1
dápar;1
menosassegurar;1
normalizar;1
furar;1
golpear;1
desparecer;1
foidar;1
remediar;1
réguar;1
reguar;1
livrar;1
repender;1
desarrumar;1
cumprimentar;1
finger;1
enlouquecer;1
marrar;1
amarrar;1
refrescar;1
insultar;1
percorríar;1
gaguejar;1
alucinar;1
queixeer;1
Mexer;1
tomávar;1
boicotar;1
pecerber;1
existíar;1
encontr;1
introduzer;1
discriminalizar;1
soltar;1
explicor;1
gráver;1
gabar;1
escassear;1
salvaguadar;1
destruír;1
tratávar;1
encurvar;1
engrenar;1
rogar;1
junho casar;1
sossegar;1
pousar;1
desactivar;1
sobrevoar;1
fevereiro de 1982 vir;1
quizer;1
refilar;1
diparar;1
espetar;1
agridir;1
defeitostor;1
contruir;1
crior;1
ajeitar;1
decepcionar;1
andor;1
arragar;1
passeeir;1
convíviar;1
euestar;1
encontrávar;1
"-""Estar";1
espantar;1
endireitar;1
desculper;1
conver;1
nomeio-ar;1
impôr;1
alternar;1
pegávar;1
deixár;1
saiar;1
quemor;1
desenrascar;1
socorrer;1
berrar;1
encostar;1
picar;1
concorrar;1
prendar;1
desaguar;1
safeer;1
desmobilizar;1
escrizer;1
baptizar;1
versusr;1
praxar;1
vulgarizar;1
sondar;1
lideror;1
elencár;1
subdivider;1
puner;1
Acreditar;1
fluír;1
onerar;1
consumer;1
radicar;1
distingar;1
empreendir;1
perdemosr;1
revoltar;1
arrisquar;1
dizemoser;1
Renovar;1
Incrementar;1
público-privar;1
contraemr;1
fidelizar;1
autar;1
enganar;1
acompanher;1
deixávar;1
alarguar;1
cooper;1
garantísser;1
punir;1
crescerer;1
impingir;1
Orientar;1
Coordenar;1
Avaliar;1
Informar;1
esclareçer;1
anotar;1
tolher;1
Convidar;1
descomprometer;1
marear;1
encapelar;1
permear;1
continuarar;1
avalier;1
motorizar;1
Conceber;1
distorcer;1
apreendir;1
façer;1
Caminhar;1
incorrer;1
Comecer;1
Ensaiar;1
chefiar;1
avolumar;1
deslizar;1
perdoarer;1
modelar;1
vistar;1
co-criar;1
licencieer;1
afamar;1
figurarer;1
etiquetar;1
transmiter;1
Assegurar;1
tendir;1
inviabilizar;1
distanciir;1
induzer;1
pespontar;1
alavanquar;1
resumer;1
Facultar;1
embebir;1
contactir;1
afunilar;1
coarctar;1
reduzer;1
hospitalizar;1
favoreçir;1
palpitar;1
só restar o Amor;1
Trocar;1
demonstr;1
sofror;1
deixeer;1
liguar;1
lotar;1
desfalcar;1
deduzir;1
abreviar;1
risqueer;1
participarir;1
encarecer;1
arder;1
Incentivar;1
atinjir;1
pareçar;1
Alcançar;1
desamparar;1
invejar;1
protejer;1
gir;1
salutar;1
descrer;1
burocratizar;1
Direcionar;1
limiter;1
recomer;1
confraternizar;1
isentar;1
instruir;1
distraiar;1
morer;1
exacerbar;1
atueer;1
orçamentar;1
abalar;1
esper;1
desencorajar;1
excetuarr;1
respostar;1
envergar;1
renegar;1
admiter;1
mantêr;1
GFUM valer;1
organizar er;1
escritar;1
percebor;1
institucionalizar;1
retrair;1
recém-criar;1
balançar;1
Salientar;1
acrediter;1
fir;1
colabor;1
partar;1
Efectuar;1
•Organizar;1
•Gerir;1
•Controlar;1
•Coadjuvar;1
condizer;1
catalogar;1
robotizar;1
domesticar;1
nutrar;1
decorrar;1
demarcar;1
referer;1
infraestruturar;1
saudar;1
desmesurar;1
consideraríar;1
desejarer;1
deslindar;1
concessionar;1
circunscrevir;1
perdíar;1
refutar;1
tentarer;1
punhar;1
desbaratar;1
continuidader;1
volver;1
possuor;1
procedor;1
•Efetuar;1
•Participar;1
laborar;1
doutor;1
predefinir;1
prodigalizar;1
Viver;1
dirijor;1
vínhar;1
desvincular;1
regrar;1
delimitar;1
meditar;1
interessarir;1
abranjar;1
protejir;1
acenar;1
Acontecer;1
particularizar;1
silenciar;1
esquecerer;1
vêer;1
lesionar;1
possibilitarir;1
Mencionar;1
admirir;1
simpatizar;1
contradizer;1
detir;1
acionar;1
empreendar;1
impeler;1
Aparecer;1
redescobr;1
acalmar;1
escuteer;1
crêer;1
atentarr;1
exercir;1
dirimir;1
multipliquar;1
Afastar;1
infundar;1
pervertir;1
gosteer;1
debelar;1
recitar;1
complementarsar;1
morrir;1
uniformizar;1
ambicionastar;1
assumar;1
refocar;1
considerer;1
desafinar;1
restruturar;1
sincronizar;1
Priorizar;1
disseminar;1
desagradar;1
discorder;1
multar;1
alcanceer;1
temper;1
regenerar;1
artificializar;1
impelir;1
naturalizar;1
redundar;1
prescindar;1
varrer;1
exiber;1
interdisciplinar;1
riscar;1
apeteciar;1
Deixar;1
Programar;1
florescer;1
Atuar;1
reeditar;1
arruar;1
auditar;1
robustecer;1
definhar;1
funder;1
sobrepuser;1
arrojar;1
Sorrir;1
enviesar;1
Requalificar;1
esque-cer;1
pertençar;1
repitir;1
espaçar;1
colapsar;1
atraiçoar;1
definer;1
satirizar;1
permanecir;1
batizar;1
par;1
mudastar;1
Aliar;1
eviter;1
concentr;1
Magíster;1
comemorarer;1
Conseguir;1
identicar;1
superintender;1
tencioner;1
alar;1
encerr;1
improvisar;1
alcançastir;1
expuser;1
asfixiar;1
abrigar;1
faziar;1
afunder;1
establecir;1
Introduzir;1
progreder;1
emparceirar;1
trabalher;1
nivelar;1
caracterizasr;1
acanhar;1
Resultar;1
satisfeitar;1
decidistir;1
indelicar;1
desbloquear;1
garantar;1
eternizar;1
atirar;1
apodrecer;1
respir;1
efetir;1
findar;1
resider;1
consolider;1
resignar;1
Lamentar;1
clarifiquar;1
reneguar;1
obtivar;1
recém-diplomar;1
dessacralizar;1
escamotear;1
Invocar;1
considerarr;1
árear;1
protelar;1
ressarcir;1
subjazr;1
reafirmor;1
descarbonizar;1
circular;1
saibar;1
valhar;1
reencontrar;1
converseer;1
comungar;1
incider;1
inadverter;1
entenabdr;1
aceitarer;1
ralhar;1
sextuplicar;1
contrarir;1
reconhecíar;1
venhar;1
alienar;1
desloquar;1
antevêr;1
aventar;1
incluor;1
reganhar;1
superásser;1
Defender;1
desinfetar;1
consiger;1
refirer;1
reconcetualizár;1
irer;1
vaticinar;1
submetar;1
escaparir;1
insuspeitar;1
Marcar;1
Receber;1
Praticar;1
tomeer;1
amputar;1
confer;1
forrar;1
Ver;1
viciar;1
Ana Marques “acreditar;1
Aceitar;1
Surgir;1
ondar;1
satisfazir;1
inconformar;1
lêer;1
furtar;1
Sentir;1
transpirar;1
enriqueçir;1
fortalecir;1
Qualificar;1
rejuvenescer;1
Retomar;1
ressurgir;1
transformador;1
faznosr;1
Ouvir;1
antecedir;1
atuor;1
proponhar;1
preter;1
confundir;1
Adquirir;1
desconsiderar;1
revestir;1
envolr;1
desanuviar;1
uponr;1
engrandecer;1
relançar;1
coexistir;1
reconhecêsser;1
gostarer;1
reconheçir;1
entenderr;1
unificar;1
CrescerSer;1
re)pensar;1
mantenhir;1
omitir;1
acalentar;1
legar;1
fruir;1
afirmár;1
atrairer;1
franquear;1
agrupar;1
estilhaçar;1
grassar;1
oclocratar;1
exortar;1
nutror;1
executor;1
conduziar;1
sangrar;1
explodir;1
dedicor;1
desgastar;1
Crescer;1
movir;1
treineer;1
inadequar;1
ocuper;1
desinteressar;1
regar;1
aguerrir;1
pejar;1
assemelhar;1
denominariar;1
Conviver;1
cabeçur;1
abarrotar;1
ager;1
Prestar;1
debilitar;1
aprer;1
compuser;1
consideramosr;1
Carregar;1
lever;1
credibilizar;1
objetivar;1
permaneçir;1
confirar;1
carrear;1
aprazer;1
imaginarer;1
imaginaríar;1
reconfigurar;1
pairar;1
obviar;1
entristecer;1
magoar;1
expostar;1
re)lembrar;1
possuirr;1
revalorizar;1
ressignificar;1
poderásr;1
procedar;1
Recolocar;1
Servir;1
Destacar;1
reequipar;1
insonorizar;1
Dançar;1
esquematizar;1
sigir;1
abanar;1
inscreve-teir;1
quiseresr;1
ouçir;1
Actuar;1
martirizar;1
medalhar;1
precisávar;1
potencializar;1
economizar;1
aguçar;1
legislar;1
formatar;1
valir;1
percepcionar;1
irritar;1
oanizar;1
desmedir;1
apliquar;1
Entrar;1
seber;1
descentrar;1
subscritar;1
Apelar;1
postar;1
participor;1
propusestar;1
re-alimentar;1
correlacionar;1
permiter;1
entendíar;1
dissipar;1
redirigir;1
afundar;1
autenticar;1
ponderor;1
pratiqueer;1
entar;1
revolucionar;1
suber;1
c)controlar;1
d)assegurar;1
e)assegurar;1
h)assegurar;1
considerár;1
cer;1
sedear;1
recémlicenciar;1
deixarer;1
cadenciar;1
identificarr;1
degustar;1
saborear;1
internar;1
pingar;1
Consolidar;1
Quer;1
soldar;1
receberer;1
roboparty….quar;1
Partir;1
gizar;1
contrapor;1
coberrer;1
permutar;1
obtir;1
assomar;1
palmilhar;1
achastar;1
sobressaír;1
AP pensar;1
pigmentar;1
I.S- pensar;1
raciocinar;1
excessivar;1
pensarar;1
pontificar;1
Completar;1
reactivar;1
hierarquizar;1
circunscrever;1
assustar;1
lider;1
estampar;1
izer;1
inscrevir;1
Incluir;1
intervier;1
recaer;1
constroer;1
desiludir;1
precisarr;1
depor;1
zer;1
coibir;1
abrangeur;1
obtêr;1
/resultar;1
comunguar;1
catapultar;1
avariar;1
socorrir;1
fumegar;1
destinguer;1
rompir;1
sanear;1
docorr;1
desligueer;1
assitir;1
quar;1
erar;1
namoriscar;1
administração entender;1
tinhar;1
entear;1
lancar;1
sofisticar;1
ofereçar;1
co-financiar;1
impusionar;1
Fomentar;1
Desenvolver;1
topar;1
chateiar;1
torneer;1
inculcar;1
desapontar;1
lei n.º 62/2007 estabelecer o enquadramento para o formulação de o estatuto de o instituição de ensino superior;1
inter;1
quereser;1
secundar;1
Constituir;1
remodelar;1
decaír;1
egabilidader;1
conservar;1
rolar;1
emular;1
compreendir;1
Situar;1
distinguidar;1
recepcionar;1
Rentabilizar;1
remeter;1
dispender;1
caminhár;1
consertar;1
notificar;1
vendir;1
ac ompanhastar;1
Mobilizar;1
quedever;1
Suprimir;1
descriminar;1
comendar;1
saldar;1
arbitrar;1
nascir;1
outorgar;1
beneficar;1
escandalizar;1
Agregar;1
ticular;1
exceptuar;1
descubrar;1
abranjir;1
perfazir;1
predispor;1
desenvolvar;1
urar;1
atormentar;1
* Supervisionar;1
Propor;1
despropositar;1
banir;1
reeleizer;1
obser;1
suavizar;1
interditar;1
dosear;1
idar;1
invistir;1
Concentrar;1
liquidar;1
har;1
**conseguer;1
constr;1
uir;1
acreditamosr;1
afiliar;1
pré-definir;1
Caber;1
soffrer;1
extingar;1
redonr;1
garanter;1
desenvolverer;1
perfurar;1
exerçar;1
indagar;1
talecer;1
interpenetrar;1
individualizar;1
diluír;1
aponteer;1
concretizarer;1
Revelar;1
subalternizar;1
dispersarr;1
trespassar;1
habitueer;1
Ocupar;1
norteiar;1
decer;1
or;1
reager;1
intrometir;1
degenerar;1
uturar;1
desprover;1
limpar;1
dosar;1
reali zar;1
focalizar;1
contraír;1
obriga-nor;1
i)Desenvolver;1
ii)Apoiar;1
assessorar;1
privilegior;1
Serviços vir;1
/encarregar;1
desregular;1
Proporcionar;1
rar;1
jogávar;1
satisfizer;1
permitirir;1
conseguirer;1
descontinuar;1
desprender;1
Excetuar;1
repudiar;1
admir;1
suplantar;1
residar;1
despovoar;1
ilimitar;1
descur;1
fragmentar;1
saior;1
nortar;1
vencestar;1
pensastir;1
priveligiar;1
atraír;1
tegrar;1
perfazr;1
suar;1
Morar;1
pelur;1
apressar;1
rígir;1
persuadir;1
saltitar;1
sober;1
